Name,Channel,ChannelOrder,n_width,n_half_width,n_1_width,ChannelWidthAvg,ChannelLength,NormChannelWidth,NormChannelLength,Hydroclimate,Type,Planform
Abrisham,1,1,10,21,36,22.33333333,42862.53246,1,1919.217871,4,Lake,I
Abrisham,2,2,41,37,43,40.33333333,42595.97798,1.805970149,1907.282596,4,Lake,I
Abrisham,3,2,8,8,9,8.333333333,37947.98691,0.373134328,1699.163593,4,Lake,I
Abrisham,4,2,13,12,13,12.66666667,25832.54708,0.567164179,1156.681212,4,Lake,I
Abrisham,5,2,10,13,13,12,54009.26095,0.537313433,2418.325117,4,Lake,I
Abrisham,6,2,28,21,20,23,20945.32745,1.029850746,937.8504826,4,Lake,I
Abrisham,7,2,6,12,9,9,19446.42339,0.402985075,870.7353758,4,Lake,I
Abrisham,8,3,5,10,9,8,2794.768984,0.358208955,125.1389097,4,Lake,I
Abrisham,9,3,12,18,11,13.66666667,21706.81927,0.611940299,971.9471315,4,Lake,I
Abrisham,10,3,9,10,7,8.666666667,32217.15537,0.388059701,1442.559196,4,Lake,I
Abrisham,11,3,11,6,7,8,33012.7838,0.358208955,1478.184349,4,Lake,I
Abrisham,12,3,14,9,17,13.33333333,28832.46805,0.597014925,1291.006032,4,Lake,I
Abrisham,13,3,10,10,7,9,25143.51841,0.402985075,1125.829183,4,Lake,I
Abrisham,14,3,22,9,8,13,25362.17681,0.582089552,1135.619857,4,Lake,I
Abrisham,15,2,12,6,4,7.333333333,30322.28428,0.328358209,1357.714221,4,Lake,I
Abrisham,16,2,6,18,7,10.33333333,34971.37217,0.462686567,1565.882336,4,Lake,I
Abrisham,17,3,12,19,17,16,3126.488155,0.71641791,139.9920069,4,Lake,I
Abrisham,18,3,12,15,14,13.66666667,2986.231075,0.611940299,133.7118392,4,Lake,I
Abrisham,19,3,3,4,5,4,1160.207552,0.179104478,51.94959188,4,Lake,I
Abrisham,20,3,10,12,6,9.333333333,2025.700191,0.417910448,90.70299363,4,Lake,I
Abrisham,21,4,3,3,3,3,424.229937,0.134328358,18.99537031,4,Lake,I
Abrisham,22,4,3,3,4,3.333333333,119.483489,0.149253731,5.35000697,4,Lake,I
Abrisham,23,4,7,6,5,6,118.208699,0.268656716,5.292926821,4,Lake,I
Abrisham,24,4,6,3,7,5.333333333,45.047275,0.23880597,2.017042164,4,Lake,I
Abrisham,25,4,6,5,4,5,740.607036,0.223880597,33.16150907,4,Lake,I
Abrisham,26,4,3,4,4,3.666666667,1948.369395,0.164179104,87.24042067,4,Lake,I
Abrisham,27,5,4,2,2,2.666666667,71.715346,0.119402985,3.211134896,4,Lake,I
Abrisham,28,5,5,4,2,3.666666667,122.895498,0.164179104,5.502783493,4,Lake,I
Abrisham,30,5,2,5,3,3.333333333,140.255324,0.149253731,6.280089134,4,Lake,I
Abrisham,31,5,2,2,1,1.666666667,133.554635,0.074626866,5.980058284,4,Lake,I
Abrisham,32,6,1,1,2,1.333333333,21.451229,0.059701493,0.960502791,4,Lake,I
Abrisham,33,6,2,1,2,1.666666667,19.630564,0.074626866,0.878980478,4,Lake,I
Abrisham,34,7,1,1,2,1.333333333,24.68555,0.059701493,1.105323134,4,Lake,I
Abrisham,35,7,2,2,2,2,18.772724,0.089552239,0.840569731,4,Lake,I
Abrisham,36,7,2,2,2,2,34.995536,0.089552239,1.566964299,4,Lake,I
Abrisham,37,5,4,3,4,3.666666667,63.322005,0.164179104,2.835313657,4,Lake,I
Abrisham,38,5,3,9,6,6,1421.413038,0.268656716,63.64535991,4,Lake,I
Abrisham,39,5,5,8,11,8,929.645968,0.358208955,41.62593887,4,Lake,I
Abrisham,40,6,2,3,2,2.333333333,108.215068,0.104477612,4.845450806,4,Lake,I
Abrisham,41,6,3,2,4,3,168.939511,0.134328358,7.564455716,4,Lake,I
Abrisham,42,6,3,3,3,3,288.614015,0.134328358,12.9230156,4,Lake,I
Abrisham,43,7,3,3,4,3.333333333,176.307237,0.149253731,7.894353896,4,Lake,I
Abrisham,44,7,3,4,4,3.666666667,256.224015,0.164179104,11.47271709,4,Lake,I
Abrisham,45,7,3,3,4,3.333333333,94.970315,0.149253731,4.252402164,4,Lake,I
Abrisham,46,7,3,2,2,2.333333333,162.378124,0.104477612,7.270662269,4,Lake,I
Abrisham,47,8,2,3,2,2.333333333,38.445946,0.104477612,1.721460269,4,Lake,I
Abrisham,48,8,3,2,2,2.333333333,29.973798,0.104477612,1.342110358,4,Lake,I
Abrisham,49,8,2,2,2,2,85.70562,0.089552239,3.837565075,4,Lake,I
Abrisham,50,8,5,2,2,3,66.593069,0.134328358,2.981779209,4,Lake,I
Abrisham,51,8,4,2,1,2.333333333,65.066659,0.104477612,2.913432493,4,Lake,I
Abrisham,52,8,3,4,3,3.333333333,67.110937,0.149253731,3.004967328,4,Lake,I
Abrisham,53,8,5,4,4,4.333333333,328.082093,0.194029851,14.69024297,4,Lake,I
Abrisham,54,4,5,3,2,3.333333333,3321.980067,0.149253731,148.7453761,4,Lake,I
Abrisham,55,4,8,4,4,5.333333333,1414.991923,0.23880597,63.3578473,4,Lake,I
Abrisham,56,4,7,5,4,5.333333333,10033.36575,0.23880597,449.2551829,4,Lake,I
Abrisham,57,4,7,2,4,4.333333333,13998.59716,0.194029851,626.8028577,4,Lake,I
Abrisham,58,4,4,5,5,4.666666667,5694.385376,0.208955224,254.9724795,4,Lake,I
Abrisham,59,5,7,5,7,6.333333333,1691.71803,0.28358209,75.74856851,4,Lake,I
Abrisham,60,5,10,6,6,7.333333333,2966.077788,0.328358209,132.8094532,4,Lake,I
Abrisham,61,6,6,6,6,6,770.22029,0.268656716,34.48747567,4,Lake,I
Abrisham,62,6,6,5,4,5,484.594403,0.223880597,21.69825685,4,Lake,I
Abrisham,63,7,3,3,2,2.666666667,199.804948,0.119402985,8.946490209,4,Lake,I
Abrisham,64,7,3,3,8,4.666666667,972.702283,0.208955224,43.55383357,4,Lake,I
Abrisham,65,5,4,2,2,2.666666667,273.845194,0.119402985,12.2617251,4,Lake,I
Abrisham,66,5,7,7,7,7,311.504239,0.313432836,13.947951,4,Lake,I
Abrisham,67,6,4,3,2,3,233.779584,0.134328358,10.46774257,4,Lake,I
Abrisham,68,6,4,2,2,2.666666667,960.243788,0.119402985,42.99599051,4,Lake,I
Abrisham,69,6,2,2,1,1.666666667,149.745496,0.074626866,6.705022209,4,Lake,I
Abrisham,70,6,3,6,4,4.333333333,163.523569,0.194029851,7.321950851,4,Lake,I
Abrisham,71,6,5,4,4,4.333333333,71.08821,0.194029851,3.183054179,4,Lake,I
Abrisham,72,7,2,3,3,2.666666667,131.633757,0.119402985,5.894048821,4,Lake,I
Abrisham,73,7,1,2,3,2,162.474354,0.089552239,7.274971075,4,Lake,I
Abrisham,74,7,6,5,2,4.333333333,235.470882,0.194029851,10.54347233,4,Lake,I
Abrisham,75,7,2,3,2,2.333333333,203.798574,0.104477612,9.125309284,4,Lake,I
Abrisham,76,8,6,6,6,6,37.918164,0.268656716,1.697828239,4,Lake,I
Abrisham,77,8,3,2,3,2.666666667,456.627413,0.119402985,20.44600357,4,Lake,I
Abrisham,78,8,2,2,2,2,18.710718,0.089552239,0.837793343,4,Lake,I
Abrisham,79,8,1,2,2,1.666666667,96.24796,0.074626866,4.309610149,4,Lake,I
Abrisham,80,9,2,2,2,2,59.333781,0.089552239,2.656736463,4,Lake,I
Abrisham,81,9,2,2,3,2.333333333,263.56787,0.104477612,11.80154642,4,Lake,I
Abrisham,82,9,6,4,5,5,33.463525,0.223880597,1.498366791,4,Lake,I
Abrisham,83,9,1,1,1,1,89.732221,0.044776119,4.017860642,4,Lake,I
Abrisham,84,10,2,4,2,2.666666667,79.5128,0.119402985,3.560274627,4,Lake,I
Abrisham,85,10,2,1,2,1.666666667,95.636755,0.074626866,4.282242761,4,Lake,I
Abrisham,86,10,2,1,1,1.333333333,38.552106,0.059701493,1.726213701,4,Lake,I
Abrisham,87,10,2,2,2,2,94.324965,0.089552239,4.223505896,4,Lake,I
Abrisham,88,10,2,2,2,2,115.062251,0.089552239,5.15204109,4,Lake,I
Abrisham,89,10,3,3,3,3,25.018385,0.134328358,1.120226194,4,Lake,I
Abrisham,90,10,3,2,3,2.666666667,23.245125,0.119402985,1.040826493,4,Lake,I
Abrisham,91,8,4,2,3,3,68.250512,0.134328358,3.055993075,4,Lake,I
Abrisham,92,8,2,2,2,2,73.201693,0.089552239,3.277687746,4,Lake,I
Abrisham,93,5,6,5,4,5,1049.046713,0.223880597,46.97224088,4,Lake,I
Abrisham,94,5,4,4,4,4,2175.694341,0.179104478,97.4191496,4,Lake,I
Abrisham,95,6,3,4,4,3.666666667,87.785174,0.164179104,3.930679433,4,Lake,I
Abrisham,96,6,5,5,5,5,207.857653,0.223880597,9.30705909,4,Lake,I
Abrisham,97,7,3,3,4,3.333333333,125.31026,0.149253731,5.610907164,4,Lake,I
Abrisham,98,7,5,3,2,3.333333333,1247.752053,0.149253731,55.86949491,4,Lake,I
Abrisham,99,7,1,1,1,1,155.553838,0.044776119,6.965097224,4,Lake,I
Abrisham,100,7,2,2,2,2,166.667931,0.089552239,7.462743179,4,Lake,I
Abrisham,101,7,5,5,5,5,171.175464,0.223880597,7.664573015,4,Lake,I
Abrisham,102,8,2,1,2,1.666666667,36.557492,0.074626866,1.636902627,4,Lake,I
Abrisham,103,8,2,2,2,2,933.268535,0.089552239,41.78814336,4,Lake,I
Abrisham,104,5,5,3,5,4.333333333,126.089307,0.194029851,5.645789866,4,Lake,I
Abrisham,105,5,5,2,4,3.666666667,504.535765,0.164179104,22.59115366,4,Lake,I
Abrisham,106,6,1,4,3,2.666666667,1731.009375,0.119402985,77.50788246,4,Lake,I
Aichilik,1,1,253,581,840,558,90220,1,161.6845878,6,Marine,II
Aichilik,2,2,100,395,36,177,29990,0.317204301,53.74551971,6,Marine,II
Aichilik,3,2,811,895,632,779.3,105550,1.396594982,189.1577061,6,Marine,II
Aichilik,4,3,974,1180,808,987,68740,1.768817204,123.1899642,6,Marine,II
Aichilik,5,3,161,183,246,196.7,54310,0.352508961,97.3297491,6,Marine,II
Aichilik,6,2,98,366,198,220.7,54950,0.395519713,98.47670251,6,Marine,II
Aichilik,7,3,638,500,360,499.3,6680,0.894802867,11.97132616,6,Marine,II
Aichilik,8,3,110,213,249,190.7,7020,0.341756272,12.58064516,6,Marine,II
Aichilik,9,2,270,1059,646,658,22140,1.17921147,39.67741935,6,Marine,II
Aichilik,10,3,467,145,202,271.3,35500,0.486200717,63.62007168,6,Marine,II
Aichilik,11,3,1759,1427,290,"1,158.70",35800,2.076523297,64.15770609,6,Marine,II
Aichilik,12,3,835,587,423,615,13010,1.102150538,23.31541219,6,Marine,II
Aichilik,13,2,680,613,744,679,8980,1.216845878,16.09318996,6,Marine,II
Aichilik,14,3,286,279,716,427,4240,0.765232975,7.598566308,6,Marine,II
Aichilik,15,3,283,156,144,194.3,19470,0.348207885,34.89247312,6,Marine,II
Aichilik,16,3,228,200,462,296.7,15110,0.53172043,27.07885305,6,Marine,II
Aichilik,17,2,48,68,50,55.33,7710,0.099157706,13.8172043,6,Marine,II
Aksu,1,1,39,40,59,46,29787.37261,1,647.5515784,4,Lake,V
Aksu,2,3,17,9,10,12,88178.52649,0.260869565,1916.924489,4,Lake,V
Aksu,3,3,4,8,12,8,28483.47868,0.173913043,619.2060583,4,Lake,V
Aksu,4,4,11,13,6,10,25185.89516,0.217391304,547.5194601,4,Lake,V
Aksu,5,4,16,8,12,12,23392.23223,0.260869565,508.5267876,4,Lake,V
Aksu,6,2,26,25,24,25,18558.10198,0.543478261,403.4369997,4,Lake,V
Aksu,7,3,11,11,7,9.666666667,9195.190648,0.210144928,199.8954489,4,Lake,V
Aksu,8,4,31,11,10,17.33333333,10517.91098,0.376811594,228.6502388,4,Lake,V
Aksu,9,4,12,10,19,13.66666667,15061.15025,0.297101449,327.4163097,4,Lake,V
Aksu,10,5,10,7,6,7.666666667,7085.501063,0.166666667,154.0326318,4,Lake,V
Aksu,11,5,9,11,13,11,9189.55024,0.239130435,199.7728313,4,Lake,V
Aksu,12,2,22,9,15,15.33333333,17259.7123,0.333333333,375.211137,4,Lake,V
Aksu,13,3,34,6,13,17.66666667,48991.11192,0.384057971,1065.024172,4,Lake,V
Aksu,14,5,20,13,11,14.66666667,170.297351,0.31884058,3.702116326,4,Lake,V
Aksu,15,5,13,21,30,21.33333333,1888.829439,0.463768116,41.06150954,4,Lake,V
Aksu,16,6,10,12,16,12.66666667,245.462815,0.275362319,5.336148152,4,Lake,V
Aksu,17,6,14,21,20,18.33333333,889.982822,0.398550725,19.34745265,4,Lake,V
Aksu,18,6,14,15,23,17.33333333,612.010725,0.376811594,13.30458098,4,Lake,V
Aksu,19,6,19,11,7,12.33333333,8772.98669,0.268115942,190.717102,4,Lake,V
Aksu,20,7,14,9,14,12.33333333,1314.054305,0.268115942,28.56639793,4,Lake,V
Aksu,21,7,11,22,10,14.33333333,1092.416889,0.311594203,23.74819324,4,Lake,V
Aksu,22,5,13,10,6,9.666666667,412.628267,0.210144928,8.970179717,4,Lake,V
Aksu,23,5,10,12,13,11.66666667,1975.144303,0.253623188,42.93791963,4,Lake,V
Aksu,24,6,4,3,4,3.666666667,233.208482,0.079710145,5.069749609,4,Lake,V
Aksu,25,6,5,7,8,6.666666667,65.610868,0.144927536,1.426323217,4,Lake,V
Aksu,26,7,7,3,10,6.666666667,863.983955,0.144927536,18.78225989,4,Lake,V
Aksu,27,7,7,5,10,7.333333333,1018.967997,0.15942029,22.1514782,4,Lake,V
Aksu,28,8,17,12,14,14.33333333,501.515876,0.311594203,10.90251904,4,Lake,V
Aksu,29,8,25,11,16,17.33333333,3940.517187,0.376811594,85.66341711,4,Lake,V
Aksu,30,9,16,13,27,18.66666667,76.817343,0.405797101,1.669942239,4,Lake,V
Aksu,31,9,11,10,12,11,54.062632,0.239130435,1.175274609,4,Lake,V
Aksu,32,5,9,15,12,12,2312.005841,0.260869565,50.26099654,4,Lake,V
Aksu,33,5,12,13,11,12,8902.119529,0.260869565,193.5243376,4,Lake,V
Aksu,34,6,9,8,14,10.33333333,83.92537,0.224637681,1.824464565,4,Lake,V
Aksu,35,6,7,7,8,7.333333333,53.968529,0.15942029,1.173228891,4,Lake,V
Aksu,36,7,4,4,5,4.333333333,100.154713,0.094202899,2.17727637,4,Lake,V
Aksu,37,7,5,10,6,7,79.767263,0.152173913,1.734070935,4,Lake,V
Aksu,38,7,6,4,5,5,44.119562,0.108695652,0.959120913,4,Lake,V
Aksu,39,7,8,5,4,5.666666667,409.104653,0.123188406,8.893579413,4,Lake,V
Aksu,40,6,8,20,8,12,13546.89064,0.260869565,294.4976227,4,Lake,V
Aksu,41,7,5,3,7,5,3306.449983,0.108695652,71.87934746,4,Lake,V
Aksu,42,7,4,6,6,5.333333333,865.075515,0.115942029,18.80598946,4,Lake,V
Aksu,43,8,4,3,4,3.666666667,1019.051932,0.079710145,22.15330287,4,Lake,V
Aksu,44,8,5,7,10,7.333333333,1355.658234,0.15942029,29.47083117,4,Lake,V
Aksu,45,9,4,3,3,3.333333333,938.168944,0.072463768,20.39497704,4,Lake,V
Aksu,46,9,6,4,5,5,907.903331,0.108695652,19.73702893,4,Lake,V
Aksu,47,8,4,6,6,5.333333333,725.583235,0.115942029,15.77354859,4,Lake,V
Aksu,48,8,6,5,8,6.333333333,1165.746462,0.137681159,25.34231439,4,Lake,V
Buyunda,1,1,491,257,499,415.6666667,130580.3535,1,314.1468007,6,Axial,IV
Buyunda,2,2,431,147,418,332,89000.19649,0.798716921,214.114346,6,Axial,IV
Buyunda,3,4,39,50,47,45.33333333,62613.03606,0.109061748,150.6328053,6,Axial,IV
Buyunda,4,4,31,134,57,74,20809.14233,0.178027265,50.06209061,6,Axial,IV
Buyunda,5,3,32,22,9,21,19830.62417,0.050521251,47.7079972,6,Axial,IV
Buyunda,6,3,79,60,115,84.66666667,38366.50974,0.203688853,92.30114613,6,Axial,IV
Buyunda,7,3,47,51,46,48,7583.564481,0.115477145,18.24434117,6,Axial,IV
Buyunda,8,5,33,49,32,38,14282.50252,0.091419407,34.36047118,6,Axial,IV
Buyunda,9,5,42,94,75,70.33333333,17567.77777,0.169206095,42.26410048,6,Axial,IV
Buyunda,10,5,54,41,77,57.33333333,8881.975727,0.137931034,21.368025,6,Axial,IV
Buyunda,11,4,18,21,32,23.66666667,8965.237184,0.056936648,21.56833324,6,Axial,IV
Buyunda,12,4,13,11,18,14,20759.91141,0.033680834,49.94365215,6,Axial,IV
Buyunda,13,4,17,20,22,19.66666667,17587.60005,0.047313553,42.31178842,6,Axial,IV
Buyunda,14,4,27,39,21,29,14012.38279,0.069767442,33.7106242,6,Axial,IV
Buyunda,15,2,115,42,66,74.33333333,10371.64236,0.17882919,24.95182604,6,Axial,IV
Canning,1,1,272,303,223,266,118756.4642,1,446.4528731,6,Marine,I
Canning,2,2,18,9,9,12,18568.94477,0.045112782,69.80806303,6,Marine,I
Canning,3,2,278,166,195,213,29052.91388,0.80075188,109.2214808,6,Marine,I
Canning,4,3,30,25,66,40.33333333,118204.6458,0.151629073,444.3783678,6,Marine,I
Canning,5,3,16,19,10,15,110712.6439,0.056390977,416.212947,6,Marine,I
Canning,6,3,327,119,68,171.3333333,33465.94285,0.644110276,125.8118152,6,Marine,I
Canning,7,3,102,255,125,160.6666667,80763.07773,0.604010025,303.620593,6,Marine,I
Canning,8,3,64,72,117,84.33333333,61243.44024,0.317042607,230.2384971,6,Marine,I
Canning,9,4,107,46,69,74,59952.29464,0.278195489,225.3845663,6,Marine,I
Canning,10,4,92,840,1001,644.3333333,59850.92156,2.422305764,225.0034645,6,Marine,I
Canning,11,3,6,6,128,46.66666667,111225.7971,0.175438596,418.1420944,6,Marine,I
Canning,12,5,94,169,103,122,4640.270151,0.458646617,17.44462463,6,Marine,I
Canning,13,5,40,63,97,66.66666667,10884.94909,0.250626566,40.92086122,6,Marine,I
Canning,14,6,122,74,51,82.33333333,1245.084432,0.30952381,4.680768541,6,Marine,I
Canning,15,6,55,51,72,59.33333333,644.415401,0.223057644,2.422614289,6,Marine,I
Canning,16,7,89,31,44,54.66666667,387.052427,0.205513784,1.455084312,6,Marine,I
Canning,17,7,46,28,23,32.33333333,559.196553,0.121553885,2.10224268,6,Marine,I
Canning,18,7,10,14,24,16,369.13366,0.060150376,1.387720526,6,Marine,I
Canning,19,7,69,42,34,48.33333333,1020.493783,0.181704261,3.836442793,6,Marine,I
Canning,20,7,45,36,37,39.33333333,659.000841,0.147869674,2.477446771,6,Marine,I
Canning,21,8,6,6,10,7.333333333,216.288599,0.027568922,0.813115034,6,Marine,I
Canning,22,8,12,9,9,10,208.653476,0.037593985,0.784411564,6,Marine,I
Canning,23,8,9,6,8,7.666666667,101.176206,0.028822055,0.380361677,6,Marine,I
Canning,24,6,144,68,109,107,2112.586042,0.402255639,7.942052789,6,Marine,I
Canning,25,6,149,244,119,170.6666667,2000.966749,0.64160401,7.522431387,6,Marine,I
Canning,26,7,26,23,27,25.33333333,2093.612246,0.095238095,7.870722729,6,Marine,I
Canning,27,7,146,66,71,94.33333333,3805.25177,0.354636591,14.30545778,6,Marine,I
Canning,28,7,120,86,106,104,1467.639656,0.390977444,5.517442316,6,Marine,I
Canning,29,8,21,23,18,20.66666667,2511.907505,0.077694236,9.443261297,6,Marine,I
Canning,30,8,43,122,255,140,932.957947,0.526315789,3.507360703,6,Marine,I
Canning,31,9,15,14,21,16.66666667,1140.198378,0.062656642,4.286460068,6,Marine,I
Canning,32,9,217,90,56,121,2316.585901,0.454887218,8.708969553,6,Marine,I
Canning,33,2,18,28,16,20.66666667,41553.40867,0.077694236,156.215822,6,Marine,I
Canning,34,3,31,33,55,39.66666667,12330.8244,0.149122807,46.3564827,6,Marine,I
Canning,35,3,12,40,30,27.33333333,13079.33484,0.102756892,49.17043174,6,Marine,I
Canning,36,4,32,37,33,34,20485.63762,0.127819549,77.01367527,6,Marine,I
Canning,37,4,44,38,56,46,10447.24555,0.172932331,39.2753592,6,Marine,I
Canning,38,5,28,44,64,45.33333333,18456.89639,0.170426065,69.38682854,6,Marine,I
Canning,39,5,35,78,215,109.3333333,31770.46099,0.411027569,119.4378233,6,Marine,I
Cravo Norte,1,1,34,38,45,39,7147.927036,1,183.2801804,5,Playa,IV
Cravo Norte,2,2,14,13,12,13,14116.97955,0.333333333,361.9738346,5,Playa,IV
Cravo Norte,3,3,22,15,14,17,11805.2236,0.435897436,302.6980409,5,Playa,IV
Cravo Norte,4,3,13,18,29,20,12649.21838,0.512820513,324.3389327,5,Playa,IV
Cravo Norte,5,3,27,12,19,19.33333333,13014.01266,0.495726496,333.6926324,5,Playa,IV
Cravo Norte,6,2,12,23,25,20,4910.716918,0.512820513,125.9158184,5,Playa,IV
Cravo Norte,7,2,17,18,36,23.66666667,6894.654709,0.606837607,176.7860182,5,Playa,IV
Cravo Norte,8,2,16,13,22,17,2872.153559,0.435897436,73.64496305,5,Playa,IV
Cravo Norte,9,3,8,6,3,5.666666667,3235.144814,0.145299145,82.95243113,5,Playa,IV
Cravo Norte,10,3,15,14,12,13.66666667,3159.037225,0.35042735,81.00095449,5,Playa,IV
Cravo Norte,11,2,5,7,12,8,4007.999861,0.205128205,102.7692272,5,Playa,IV
Cuando,1,1,42,50,50,47.33333333,48612.72994,1,1027.029506,4,Contributory,VI
Cuando,2,3,10,18,26,18,50512.16969,0.38028169,1067.158515,4,Contributory,VI
Cuando,3,4,24,26,26,25.33333333,37352.51387,0.535211268,789.137617,4,Contributory,VI
Cuando,4,5,11,17,29,19,20129.0655,0.401408451,425.2619472,4,Contributory,VI
Cuando,5,2,22,17,11,16.66666667,37546.20041,0.352112676,793.2295862,4,Contributory,VI
Cuando,6,2,24,24,17,21.66666667,13584.64621,0.457746479,286.9995679,4,Contributory,VI
Cuando,7,3,7,6,8,7,700.567202,0.147887324,14.80071554,4,Contributory,VI
Cuando,8,3,10,10,10,10,1246.003173,0.211267606,26.3240107,4,Contributory,VI
Cuando,9,4,3,3,5,3.666666667,211.32124,0.077464789,4.464533239,4,Contributory,VI
Cuando,10,4,7,8,10,8.333333333,824.99596,0.176056338,17.42949211,4,Contributory,VI
Cuando,11,5,3,3,3,3,74.469623,0.063380282,1.573301894,4,Contributory,VI
Cuando,12,5,3,3,3,3,31.660866,0.063380282,0.668891535,4,Contributory,VI
Cuando,13,5,8,4,4,5.333333333,191.54553,0.112676056,4.046736549,4,Contributory,VI
Cuando,14,5,5,6,7,6,1999.443456,0.126760563,42.24176315,4,Contributory,VI
Cuando,15,6,4,5,5,4.666666667,294.36019,0.098591549,6.218877254,4,Contributory,VI
Cuando,16,6,4,4,5,4.333333333,1739.986419,0.091549296,36.76027646,4,Contributory,VI
Cuando,17,3,18,21,40,26.33333333,5455.96982,0.556338028,115.266968,4,Contributory,VI
Cuando,18,4,15,7,27,16.33333333,12581.59492,0.345070423,265.8083433,4,Contributory,VI
Cuando,19,5,19,14,11,14.66666667,2660.275346,0.309859155,56.20300027,4,Contributory,VI
Cuando,20,6,5,16,3,8,2097.576231,0.169014085,44.3149908,4,Contributory,VI
Cuando,21,6,8,21,11,13.33333333,1636.11683,0.281690141,34.56584852,4,Contributory,VI
Dzavhan Gol,1,1,83,95,74,84,73867,1,879.3690476,4,Lake,I
Dzavhan Gol,2,2,32,28,28,29.33333333,92122,0.349206349,1096.690476,4,Lake,I
Dzavhan Gol,3,2,86,35,42,54.33333333,37992,0.646825397,452.2857143,4,Lake,I
Dzavhan Gol,4,2,59,74,58,63.66666667,20002,0.757936508,238.1190476,4,Lake,I
Dzavhan Gol,5,3,14,21,16,17,17334,0.202380952,206.3571429,4,Lake,I
Dzavhan Gol,6,3,40,68,83,63.66666667,3969,0.757936508,47.25,4,Lake,I
Dzavhan Gol,7,3,29,26,27,27.33333333,11029,0.325396825,131.297619,4,Lake,I
Dzavhan Gol,8,3,12,11,8,10.33333333,18871,0.123015873,224.6547619,4,Lake,I
Dzavhan Gol,9,3,93,75,32,66.66666667,28769,0.793650794,342.4880952,4,Lake,I
Dzavhan Gol,10,4,8,15,12,11.66666667,6518,0.138888889,77.5952381,4,Lake,I
Dzavhan Gol,11,3,11,12,26,16.33333333,2272,0.194444444,27.04761905,4,Lake,I
Dzavhan Gol,12,3,29,42,48,39.66666667,552,0.472222222,6.571428571,4,Lake,I
Dzavhan Gol,13,4,13,25,22,20,898,0.238095238,10.69047619,4,Lake,I
Dzavhan Gol,14,4,14,13,15,14,466,0.166666667,5.547619048,4,Lake,I
Dzavhan Gol,15,4,21,14,28,21,815,0.25,9.702380952,4,Lake,I
Dzavhan Gol,16,4,21,15,9,15,130,0.178571429,1.547619048,4,Lake,I
Dzavhan Gol,17,4,31,12,39,27.33333333,8500,0.325396825,101.1904762,4,Lake,I
Dzavhan Gol,18,4,26,39,487,184,6553,2.19047619,78.01190476,4,Lake,I
Dzavhan Gol,19,4,50,32,16,32.66666667,7036,0.388888889,83.76190476,4,Lake,I
Dzavhan Gol,20,4,22,29,33,28,3153,0.333333333,37.53571429,4,Lake,I
Dzavhan Gol,21,4,88,46,21,51.66666667,4808,0.615079365,57.23809524,4,Lake,I
Dzavhan Gol,22,4,44,39,51,44.66666667,7247,0.531746032,86.27380952,4,Lake,I
Dzavhan Gol,23,4,9,6,10,8.333333333,862,0.099206349,10.26190476,4,Lake,I
Dzavhan Gol,24,5,12,14,15,13.66666667,989,0.162698413,11.77380952,4,Lake,I
Dzavhan Gol,25,5,10,8,7,8.333333333,2357,0.099206349,28.05952381,4,Lake,I
Dzavhan Gol,26,5,18,27,46,30.33333333,1236,0.361111111,14.71428571,4,Lake,I
Dzavhan Gol,27,5,46,65,2,37.66666667,4156,0.448412698,49.47619048,4,Lake,I
Dzavhan Gol,28,5,30,20,16,22,3167,0.261904762,37.70238095,4,Lake,I
Dzavhan Gol,29,5,31,13,9,17.66666667,937,0.21031746,11.1547619,4,Lake,I
Dzavhan Gol,30,5,8,5,5,6,969,0.071428571,11.53571429,4,Lake,I
Dzavhan Gol,31,5,11,7,11,9.666666667,2632,0.115079365,31.33333333,4,Lake,I
Dzavhan Gol,32,5,10,10,8,9.333333333,2363,0.111111111,28.13095238,4,Lake,I
Dzavhan Gol,33,5,8,10,4,7.333333333,112,0.087301587,1.333333333,4,Lake,I
Dzavhan Gol,34,5,8,8,8,8,99,0.095238095,1.178571429,4,Lake,I
Dzavhan Gol,35,5,10,6,12,9.333333333,428,0.111111111,5.095238095,4,Lake,I
Dzavhan Gol,36,5,5,2,6,4.333333333,406,0.051587302,4.833333333,4,Lake,I
Dzavhan Gol,37,5,4,3,3,3.333333333,219,0.03968254,2.607142857,4,Lake,I
Dzavhan Gol,38,5,4,8,10,7.333333333,425,0.087301587,5.05952381,4,Lake,I
Dzavhan Gol,39,5,15,13,21,16.33333333,69,0.194444444,0.821428571,4,Lake,I
Dzavhan Gol,40,5,15,12,14,13.66666667,385,0.162698413,4.583333333,4,Lake,I
Dzavhan Gol,41,6,5,6,5,5.333333333,74,0.063492063,0.880952381,4,Lake,I
Dzavhan Gol,42,6,7,3,16,8.666666667,382,0.103174603,4.547619048,4,Lake,I
Dzavhan Gol,43,6,19,12,9,13.33333333,533,0.158730159,6.345238095,4,Lake,I
Dzavhan Gol,44,6,7,9,10,8.666666667,1123,0.103174603,13.36904762,4,Lake,I
Dzavhan Gol,45,6,12,8,9,9.666666667,1712,0.115079365,20.38095238,4,Lake,I
Dzavhan Gol,46,6,5,4,4,4.333333333,1121,0.051587302,13.3452381,4,Lake,I
Dzavhan Gol,47,6,4,12,4,6.666666667,459,0.079365079,5.464285714,4,Lake,I
Dzavhan Gol,48,6,8,12,14,11.33333333,3977,0.134920635,47.3452381,4,Lake,I
Dzavhan Gol,49,6,5,3,2,3.333333333,587,0.03968254,6.988095238,4,Lake,I
Dzavhan Gol,50,6,1,1,2,1.333333333,402,0.015873016,4.785714286,4,Lake,I
Dzavhan Gol,51,7,5,7,6,6,66,0.071428571,0.785714286,4,Lake,I
Dzavhan Gol,52,7,16,8,9,11,733,0.130952381,8.726190476,4,Lake,I
Dzavhan Gol,53,8,6,6,6,6,50,0.071428571,0.595238095,4,Lake,I
Dzavhan Gol,54,8,2,2,1,1.666666667,93,0.01984127,1.107142857,4,Lake,I
Dzavhan Gol,55,7,4,3,2,3,515,0.035714286,6.130952381,4,Lake,I
Dzavhan Gol,56,7,8,4,6,6,717,0.071428571,8.535714286,4,Lake,I
Dzavhan Gol,57,7,5,5,3,4.333333333,1086,0.051587302,12.92857143,4,Lake,I
Dzavhan Gol,58,8,4,2,2,2.666666667,122,0.031746032,1.452380952,4,Lake,I
Dzavhan Gol,59,8,3,3,2,2.666666667,112,0.031746032,1.333333333,4,Lake,I
Dzavhan Gol,60,8,3,3,4,3.333333333,70,0.03968254,0.833333333,4,Lake,I
Dzavhan Gol,61,8,5,5,5,5,247,0.05952381,2.94047619,4,Lake,I
Dzavhan Gol,62,9,2,1,2,1.666666667,14,0.01984127,0.166666667,4,Lake,I
Dzavhan Gol,63,9,3,3,2,2.666666667,30,0.031746032,0.357142857,4,Lake,I
Dzavhan Gol,64,6,8,8,9,8.333333333,87,0.099206349,1.035714286,4,Lake,I
Dzavhan Gol,65,6,4,4,3,3.666666667,94,0.043650794,1.119047619,4,Lake,I
Dzavhan Gol,66,2,20,24,36,26.66666667,7014,0.317460317,83.5,4,Lake,I
Dzavhan Gol,67,3,21,22,34,25.66666667,2988,0.305555556,35.57142857,4,Lake,I
Dzavhan Gol,68,3,25,18,19,20.66666667,3063,0.246031746,36.46428571,4,Lake,I
Gash,1,1,1046,213,96,451.6666667,24402.44561,1,54.02755485,4,Wetlands,IV
Gash,2,2,161,232,38,143.6666667,46391.14164,0.318081181,102.7110147,4,Wetlands,IV
Gash,3,2,15,13,14,14,3240.53591,0.03099631,7.174618251,4,Wetlands,IV
Gash,4,3,7,5,6,6,25346.31899,0.013284133,56.11731142,4,Wetlands,IV
Gash,5,3,5,4,5,4.666666667,5048.215119,0.010332103,11.17686004,4,Wetlands,IV
Gash,6,4,8,8,5,7,6176.908303,0.015498155,13.67581174,4,Wetlands,IV
Gash,7,4,4,4,3,3.666666667,6224.290445,0.008118081,13.78071685,4,Wetlands,IV
Gash,8,3,59,44,33,45.33333333,35234.31148,0.100369004,78.00954571,4,Wetlands,IV
Gash,9,3,29,21,33,27.66666667,2545.59835,0.061254613,5.636011107,4,Wetlands,IV
Gash,10,4,23,21,21,21.66666667,894.715396,0.04797048,1.980919696,4,Wetlands,IV
Gash,11,4,31,43,41,38.33333333,6860.179849,0.084870849,15.18859007,4,Wetlands,IV
Gash,12,6,53,37,59,49.66666667,8118.908722,0.1099631,17.97544366,4,Wetlands,IV
Gash,13,5,46,47,48,47,1021.124477,0.104059041,2.2607922,4,Wetlands,IV
Gash,14,5,161,158,114,144.3333333,841.456436,0.319557196,1.863003179,4,Wetlands,IV
Gash,15,6,17,4,10,10.33333333,6280.480903,0.022878229,13.90512377,4,Wetlands,IV
Gash,16,6,9,10,8,9,6203.642596,0.019926199,13.73500206,4,Wetlands,IV
Gash,17,6,15,9,7,10.33333333,109.872576,0.022878229,0.243260316,4,Wetlands,IV
Gash,18,6,14,12,7,11,869.503176,0.024354244,1.925099283,4,Wetlands,IV
Gash,19,7,63,36,18,39,1709.489309,0.086346863,3.784847179,4,Wetlands,IV
Gash,20,7,60,34,58,50.66666667,733.085241,0.112177122,1.623066954,4,Wetlands,IV
Gash,21,8,12,10,6,9.333333333,1120.568222,0.020664207,2.480962853,4,Wetlands,IV
Gash,22,8,13,17,19,16.33333333,722.28567,0.036162362,1.599156465,4,Wetlands,IV
Gash,23,8,28,19,11,19.33333333,362.360725,0.042804428,0.802274668,4,Wetlands,IV
Gash,24,9,6,10,10,8.666666667,184.128577,0.019188192,0.407664746,4,Wetlands,IV
Gash,25,9,19,17,15,17,1099.074213,0.037638376,2.433374641,4,Wetlands,IV
Gede-An-Chay,1,1,7,12,9,9.333333333,4821.244883,1,516.5619518,4,Axial,I
Gede-An-Chay,2,2,8,5,4,5.666666667,8330.947962,0.607142857,892.6015674,5,Axial,I
Gede-An-Chay,3,2,5,9,8,7.333333333,5543.897254,0.785714286,593.9889915,5,Axial,I
Gede-An-Chay,4,3,4,3,6,4.333333333,4669.895044,0.464285714,500.3458976,5,Axial,I
Gede-An-Chay,5,3,3,3,3,3,4682.760547,0.321428571,501.7243443,5,Axial,I
Gede-An-Chay,6,3,3,5,5,4.333333333,708.98892,0.464285714,75.96309857,5,Axial,I
Gede-An-Chay,7,3,10,11,9,10,691.918047,1.071428571,74.13407646,5,Axial,I
Gede-An-Chay,8,4,2,2,2,2,636.522011,0.214285714,68.19878689,5,Axial,I
Gede-An-Chay,9,4,2,2,2,2,1500.365341,0.214285714,160.7534294,5,Axial,I
Gede-An-Chay,10,4,4,4,3,3.666666667,1954.96401,0.392857143,209.4604296,5,Axial,I
Gede-An-Chay,11,4,5,3,4,4,991.035928,0.428571429,106.1824209,5,Axial,I
Gede-An-Chay,12,4,4,5,3,4,1949.761285,0.428571429,208.9029948,5,Axial,I
Gede-An-Chay,13,5,8,7,5,6.666666667,432.517212,0.714285714,46.34112986,5,Axial,I
Gede-An-Chay,14,5,4,2,2,2.666666667,327.784858,0.285714286,35.11980621,5,Axial,I
Gilbert,1,1,32,199,79,103.3333333,26942.71305,1,260.7359328,3,Contributory,I
Gilbert,2,2,37,31,37,35,78139.14144,0.338709677,756.1852398,3,Contributory,I
Gilbert,3,2,53,57,24,44.66666667,26975.83969,0.432258065,261.0565131,3,Contributory,I
Gilbert,4,2,40,33,44,39,23772.53997,0.377419355,230.0568384,3,Contributory,I
Gilbert,5,3,16,29,16,20.33333333,3216.234198,0.196774194,31.12484708,3,Contributory,I
Gilbert,6,3,34,71,249,118,151020.7347,1.141935484,1461.490981,3,Contributory,I
Gilbert,7,3,28,35,34,32.33333333,6033.286471,0.312903226,58.38664327,3,Contributory,I
Gilbert,8,3,70,24,65,53,16600.24782,0.512903226,160.6475595,3,Contributory,I
Gilbert,9,4,13,20,13,15.33333333,1272.250303,0.148387097,12.31209971,3,Contributory,I
Gilbert,11,4,13,15,19,15.66666667,1165.551812,0.151612903,11.27953366,3,Contributory,I
Gilbert,12,4,6,5,5,5.333333333,2710.185076,0.051612903,26.22759751,3,Contributory,I
Gilbert,13,4,13,12,8,11,1798.784762,0.106451613,17.40759447,3,Contributory,I
Gilbert,14,4,9,22,45,25.33333333,4958.0375,0.24516129,47.98100806,3,Contributory,I
Gilbert,15,4,2,7,10,6.333333333,9123.676364,0.061290323,88.29364223,3,Contributory,I
Gilbert,16,4,7,10,8,8.333333333,6445.89583,0.080645161,62.37963706,3,Contributory,I
Gilbert,17,5,10,5,7,7.333333333,9095.514047,0.070967742,88.02110368,3,Contributory,I
Gilbert,18,5,8,8,10,8.666666667,7320.328331,0.083870968,70.84188707,3,Contributory,I
Gilbert,19,6,6,7,7,6.666666667,4562.54827,0.064516129,44.15369294,3,Contributory,I
Gilbert,20,6,8,11,5,8,6997.132966,0.077419355,67.71418999,3,Contributory,I
Gilbert,21,3,15,16,61,30.66666667,67306.39684,0.296774194,651.3522275,3,Contributory,I
Gilbert,22,3,15,4,48,22.33333333,63529.5403,0.216129032,614.8020029,3,Contributory,I
Gilbert,23,3,8,7,16,10.33333333,60056.81284,0.1,581.194963,3,Contributory,I
Gilbert,24,4,9,23,19,17,14043.2726,0.164516129,135.902638,3,Contributory,I
Gilbert,25,4,38,39,60,45.66666667,922.632838,0.441935484,8.928704884,3,Contributory,I
Gilbert,26,5,11,16,20,15.66666667,1249.120505,0.151612903,12.08826295,3,Contributory,I
Gilbert,27,5,16,14,20,16.66666667,6863.666871,0.161290323,66.42258262,3,Contributory,I
Gilbert,28,6,3,10,8,7,146.402776,0.067741935,1.416801058,3,Contributory,I
Gilbert,29,6,6,13,6,8.333333333,771.57378,0.080645161,7.466843032,3,Contributory,I
Gilbert,30,4,10,6,4,6.666666667,2766.097898,0.064516129,26.76868934,3,Contributory,I
Gilbert,31,4,5,4,8,5.666666667,12595.05629,0.05483871,121.8876415,3,Contributory,I
Gilbert,32,5,2,4,4,3.333333333,468.37433,0.032258065,4.532654806,3,Contributory,I
Gilbert,33,5,4,13,7,8,124.164616,0.077419355,1.201593058,3,Contributory,I
Gilbert,34,6,4,3,7,4.666666667,369.740405,0.04516129,3.578132952,3,Contributory,I
Gilbert,35,6,4,3,3,3.333333333,224.805442,0.032258065,2.175536535,3,Contributory,I
Girwa,1,1,170,70,195,145,18261.76157,1,125.9431832,3,Marine,II
Girwa,2,2,52,17,5,24.66666667,33624.72338,0.170114943,231.894644,3,Marine,II
Girwa,3,2,94,158,147,133,39127.40378,0.917241379,269.844164,3,Marine,II
Girwa,4,2,133,16,36,61.66666667,11592.36018,0.425287356,79.9473116,3,Marine,II
Girwa,5,2,127,70,151,116,27528.1944,0.8,189.8496165,3,Marine,II
Girwa,6,3,36,29,25,30,33061.88106,0.206896552,228.0129728,3,Marine,II
Girwa,7,3,13,23,18,18,32721.95033,0.124137931,225.668623,3,Marine,II
Girwa,8,3,37,74,87,66,10910.17298,0.455172414,75.24257226,3,Marine,II
Girwa,9,3,67,90,60,72.33333333,10415.23991,0.498850575,71.82924076,3,Marine,II
Girwa,10,4,23,55,22,33.33333333,2239.497604,0.229885057,15.44481106,3,Marine,II
Girwa,11,4,36,92,43,57,1122.818938,0.393103448,7.743578883,3,Marine,II
Girwa,12,4,73,76,59,69.33333333,1367.591937,0.47816092,9.431668531,3,Marine,II
Girwa,13,4,34,20,34,29.33333333,1208.021883,0.202298851,8.3311854,3,Marine,II
Girwa,14,5,8,5,9,7.333333333,209.102889,0.050574713,1.44208889,3,Marine,II
Girwa,15,5,16,17,8,13.66666667,314.81384,0.094252874,2.171129931,3,Marine,II
Girwa,16,6,5,6,8,6.333333333,69.118446,0.043678161,0.476678938,3,Marine,II
Girwa,17,6,6,6,6,6,77.750661,0.04137931,0.536211455,3,Marine,II
Girwa,18,6,4,4,4,4,121.058539,0.027586207,0.834886476,3,Marine,II
Girwa,19,6,6,8,7,7,120.223829,0.048275862,0.829129855,3,Marine,II
Golmud He,1,1,39,18,24,27,20262,1,750.4444444,4,Lake,I
Golmud He,2,2,8,6,10,8,8486,0.296296296,314.2962963,4,Lake,I
Golmud He,3,2,7,10,8,8.333333333,5379,0.308641975,199.2222222,4,Lake,I
Golmud He,4,2,21,22,23,22,11316,0.814814815,419.1111111,4,Lake,I
Great Ruaha,1,1,53,58,104,71.66666667,23335,1,325.6046512,4,Lake,V
Great Ruaha,2,2,42,38,32,37.33333333,32760,0.520930233,457.1162791,4,Lake,V
Great Ruaha,3,2,85,31,58,58,12102,0.809302326,168.8651163,4,Lake,V
Great Ruaha,4,3,49,46,36,43.66666667,40349,0.609302326,563.0093023,4,Lake,V
Great Ruaha,5,3,19,20,33,24,7261,0.334883721,101.3162791,4,Lake,V
Great Ruaha,6,4,11,10,10,10.33333333,3911,0.144186047,54.57209302,4,Lake,V
Great Ruaha,7,4,24,17,15,18.66666667,9827,0.260465116,137.1209302,4,Lake,V
Great Ruaha,8,5,10,8,7,8.333333333,2232,0.11627907,31.14418605,4,Lake,V
Great Ruaha,9,5,9,9,8,8.666666667,2309,0.120930233,32.21860465,4,Lake,V
Great Ruaha,10,3,20,15,11,15.33333333,5362,0.213953488,74.81860465,4,Lake,V
Great Ruaha,11,3,11,13,2,8.666666667,6523,0.120930233,91.01860465,4,Lake,V
Hali Rud,1,1,20,12,9,13.66666667,7213,1,527.7804878,4,Contributory,I
Hali Rud,2,2,2,3,6,3.666666667,762,0.268292683,55.75609756,4,Contributory,I
Hali Rud,3,2,3,3,3,3,927,0.219512195,67.82926829,4,Contributory,I
Hali Rud,4,2,2,3,2,2.333333333,1647,0.170731707,120.5121951,4,Contributory,I
Hali Rud,5,3,1,3,5,3,1525,0.219512195,111.5853659,4,Contributory,I
Hali Rud,6,3,4,4,3,3.666666667,4408,0.268292683,322.5365854,4,Contributory,I
Hali Rud,7,3,3,2,2,2.333333333,24276,0.170731707,1776.292683,4,Contributory,I
Hali Rud,8,3,2,2,2,2,938,0.146341463,68.63414634,4,Contributory,I
Ili,1,1,595,612,543,583.3333333,79902.46026,1,136.9756462,4,Lake,V
Ili,2,2,707,217,572,498.6666667,99933.58404,0.854857143,171.3147155,4,Lake,V
Ili,3,2,222,190,118,176.6666667,284863.0536,0.302857143,488.3366632,4,Lake,V
Ili,4,2,94,281,199,191.3333333,94687.45447,0.328,162.3213505,4,Lake,V
Ili,5,2,647,450,852,649.6666667,162803.8988,1.113714286,279.0923979,4,Lake,V
Ili,6,3,106,98,27,77,146805.7717,0.132,251.6670373,4,Lake,V
Ili,7,3,243,27,38,102.6666667,155752.6924,0.176,267.0046156,4,Lake,V
Ili,8,3,26,15,23,21.33333333,125593.3712,0.036571429,215.3029221,4,Lake,V
Ili,9,3,39,23,40,34,245053.7633,0.058285714,420.0921656,4,Lake,V
Ili,10,3,240,203,320,254.3333333,78315.99782,0.436,134.2559963,4,Lake,V
Ili,11,3,12,17,217,82,252645.6383,0.140571429,433.1068085,4,Lake,V
Ili,12,3,229,172,333,244.6666667,244874.8693,0.419428571,419.7854903,4,Lake,V
Ili,13,4,17,37,75,43,121314.5969,0.073714286,207.9678804,4,Lake,V
Ili,14,4,12,26,23,20.33333333,101266.6093,0.034857143,173.5999016,4,Lake,V
Ili,15,4,88,92,78,86,93979.1387,0.147428571,161.1070949,4,Lake,V
Ili,16,4,78,91,76,81.66666667,163075.8576,0.14,279.558613,4,Lake,V
Ili,17,4,31,23,227,93.66666667,148869.9236,0.160571429,255.2055834,4,Lake,V
Ili,18,4,37,23,31,30.33333333,104827.934,0.052,179.7050297,4,Lake,V
Ili,19,4,21,16,23,20,138054.2744,0.034285714,236.6644704,4,Lake,V
Ili,20,4,8,40,107,51.66666667,212377.8281,0.088571429,364.0762768,4,Lake,V
Ili,21,2,1119,1097,1148,1121.333333,41351.76241,1.922285714,70.88873556,4,Lake,V
Ili,22,3,533,559,785,625.6666667,34243.40166,1.072571429,58.70297428,4,Lake,V
Ili,23,3,1029,255,104,462.6666667,31331.72318,0.793142857,53.71152546,4,Lake,V
Ili,24,4,40,92,32,54.66666667,18352.9345,0.093714286,31.46217343,4,Lake,V
Ili,25,4,34,56,24,38,12426.92745,0.065142857,21.30330421,4,Lake,V
Ili,26,6,54,51,95,66.66666667,1386.186505,0.114285714,2.376319723,4,Lake,V
Ili,27,6,153,209,189,183.6666667,3114.844065,0.314857143,5.339732683,4,Lake,V
Ili,28,4,49,94,161,101.3333333,62689.45413,0.173714286,107.4676357,4,Lake,V
Ili,29,4,241,127,234,200.6666667,19437.45349,0.344,33.32134884,4,Lake,V
Ili,30,4,26,23,28,25.66666667,12526.6914,0.044,21.47432812,4,Lake,V
Ili,31,4,8,10,8,8.666666667,8237.820892,0.014857143,14.12197867,4,Lake,V
Ili,32,5,40,20,15,25,3416.652373,0.042857143,5.857118354,4,Lake,V
Ili,33,5,8,5,12,8.333333333,1913.351402,0.014285714,3.280030975,4,Lake,V
Ili,34,5,30,40,35,35,7005.321325,0.06,12.00912227,4,Lake,V
Ili,35,5,8,8,8,8,15199.24971,0.013714286,26.05585665,4,Lake,V
Ili,36,5,11,9,10,10,37745.86117,0.017142857,64.70719058,4,Lake,V
Ili,37,5,7,6,9,7.333333333,18363.60616,0.012571429,31.48046771,4,Lake,V
Ili,38,7,31,54,43,42.66666667,3207.444654,0.073142857,5.49847655,4,Lake,V
Ili,39,7,218,161,69,149.3333333,2914.225667,0.256,4.995815429,4,Lake,V
Ili,40,7,26,18,21,21.66666667,5486.989784,0.037142857,9.406268201,4,Lake,V
Ili,41,8,16,16,28,20,1677.493457,0.034285714,2.875703069,4,Lake,V
Ili,42,8,55,17,39,37,2466.234056,0.063428571,4.22782981,4,Lake,V
Ili,43,7,12,14,22,16,4146.032296,0.027428571,7.107483936,4,Lake,V
Ili,44,7,79,56,38,57.66666667,4641.032104,0.098857143,7.956055035,4,Lake,V
Ili,45,5,227,81,168,158.6666667,4393.202162,0.272,7.531203706,4,Lake,V
Ili,46,5,46,38,55,46.33333333,3504.060443,0.079428571,6.006960759,4,Lake,V
Ili,47,6,48,64,21,44.33333333,5904.118331,0.076,10.12134571,4,Lake,V
Ili,48,6,31,35,50,38.66666667,1621.700381,0.066285714,2.780057796,4,Lake,V
Ili,49,7,33,34,36,34.33333333,2497.285933,0.058857143,4.281061599,4,Lake,V
Ili,50,7,24,36,61,40.33333333,2945.42688,0.069142857,5.049303223,4,Lake,V
Ili,51,6,14,12,10,12,27422.19325,0.020571429,47.00947414,4,Lake,V
Ili,52,6,16,6,4,8.666666667,5293.788781,0.014857143,9.075066482,4,Lake,V
Ili,53,7,10,7,12,9.666666667,12608.37492,0.016571429,21.61435701,4,Lake,V
Ili,54,7,4,7,9,6.666666667,9806.279453,0.011428571,16.81076478,4,Lake,V
Ili,55,8,11,12,13,12,8241.903499,0.020571429,14.12897743,4,Lake,V
Ili,56,8,14,19,15,16,6006.683875,0.027428571,10.29717236,4,Lake,V
Ili,57,9,16,13,7,12,2027.588566,0.020571429,3.475866113,4,Lake,V
Ili,58,9,2,21,62,28.33333333,1662.264332,0.048571429,2.849595998,4,Lake,V
Ili,59,6,5,7,9,7,14632.72393,0.012,25.0846696,4,Lake,V
Ili,60,6,8,23,22,17.66666667,6424.952384,0.030285714,11.01420409,4,Lake,V
Ili,61,7,10,4,4,6,1267.246071,0.010285714,2.172421836,4,Lake,V
Ili,62,7,10,6,13,9.666666667,8573.761511,0.016571429,14.69787688,4,Lake,V
Ili,63,8,12,11,8,10.33333333,3164.1982,0.017714286,5.424339771,4,Lake,V
Ili,64,8,14,18,19,17,5386.559572,0.029142857,9.234102123,4,Lake,V
Ili,65,9,13,12,18,14.33333333,1151.486592,0.024571429,1.973977015,4,Lake,V
Ili,66,9,10,6,6,7.333333333,1087.730163,0.012571429,1.864680279,4,Lake,V
Ili,67,5,9,42,17,22.66666667,78080.48507,0.038857143,133.8522601,4,Lake,V
Ili,68,5,12,11,12,11.66666667,15334.66682,0.02,26.28800026,4,Lake,V
Ili,69,6,37,26,13,25.33333333,5934.880148,0.043428571,10.17408025,4,Lake,V
Ili,70,6,18,32,23,24.33333333,1157.43143,0.041714286,1.984168166,4,Lake,V
Ili,71,6,18,22,31,23.66666667,11167.76824,0.040571429,19.14474555,4,Lake,V
Ili,72,6,12,6,10,9.333333333,5240.672123,0.016,8.984009354,4,Lake,V
Ili,73,7,64,3,56,41,10675.83211,0.070285714,18.30142648,4,Lake,V
Ili,74,7,28,128,26,60.66666667,10819.75918,0.104,18.54815859,4,Lake,V
Ili,75,8,12,17,14,14.33333333,2165.974651,0.024571429,3.713099402,4,Lake,V
Ili,76,8,9,13,12,11.33333333,5751.963703,0.019428571,9.860509205,4,Lake,V
Kichhu,1,1,21,19,22,20.66666667,32026,1,1549.645161,3,Axial,I
Kichhu,2,2,5,10,9,8,17356,0.387096774,839.8064516,3,Axial,I
Kichhu,3,2,7,12,4,7.666666667,12097,0.370967742,585.3387097,3,Axial,I
Kichhu,4,3,5,4,5,4.666666667,20927,0.225806452,1012.596774,3,Axial,I
Kichhu,5,3,28,21,18,22.33333333,54344,1.080645161,2629.548387,3,Axial,I
Konagkut,1,1,170,154,159,161,75686.73161,1,470.103923,6,Marine,I
Konagkut,2,2,30,31,52,37.66666667,51348.45482,0.233954451,318.934502,6,Marine,I
Konagkut,3,2,63,52,42,52.33333333,31136.36309,0.32505176,193.3935595,6,Marine,I
Konagkut,4,2,109,63,64,78.66666667,35047.16722,0.488612836,217.6842684,6,Marine,I
Konagkut,5,3,36,29,19,28,20262.24563,0.173913043,125.8524573,6,Marine,I
Konagkut,6,3,17,32,38,29,17445.2194,0.180124224,108.3554,6,Marine,I
Konagkut,7,3,50,53,44,49,22703.14382,0.304347826,141.0133157,6,Marine,I
Konagkut,8,3,32,30,78,46.66666667,18037.57833,0.289855072,112.034648,6,Marine,I
Konagkut,9,3,54,68,103,75,15614.17515,0.465838509,96.98245436,6,Marine,I
Konagkut,10,7,8,5,4,5.666666667,353.372424,0.035196687,2.194859776,6,Marine,I
Konagkut,11,7,15,12,17,14.66666667,1017.346098,0.091097308,6.318919863,6,Marine,I
Konagkut,12,6,30,10,7,15.66666667,852.904303,0.097308489,5.297542255,6,Marine,I
Konagkut,13,6,10,9,9,9.333333333,587.805494,0.057971014,3.650965801,6,Marine,I
Konagkut,14,6,25,10,41,25.33333333,1545.080779,0.157349896,9.596775025,6,Marine,I
Konagkut,15,6,61,43,26,43.33333333,940.022521,0.269151139,5.838649199,6,Marine,I
Konagkut,16,6,34,54,50,46,892.581549,0.285714286,5.543984776,6,Marine,I
Konagkut,17,5,11,14,26,17,2517.422924,0.105590062,15.63616723,6,Marine,I
Konagkut,18,5,89,61,106,85.33333333,2163.252025,0.530020704,13.43634798,6,Marine,I
Konagkut,19,4,42,14,94,50,3658.027388,0.310559006,22.72066701,6,Marine,I
Konagkut,20,4,16,21,73,36.66666667,2760.913341,0.227743271,17.14853007,6,Marine,I
Konagkut,21,3,49,38,31,39.33333333,2813.188147,0.244306418,17.4732183,6,Marine,I
Konagkut,22,3,22,35,23,26.66666667,4474.199587,0.16563147,27.79005955,6,Marine,I
Konagkut,23,3,19,41,96,52,5129.116305,0.322981366,31.85786525,6,Marine,I
Konagkut,24,4,39,87,80,68.66666667,4292.756987,0.426501035,26.66308688,6,Marine,I
Konagkut,25,4,30,27,43,33.33333333,6822.267955,0.207039337,42.37433512,6,Marine,I
Konagkut,26,5,16,34,34,28,358.956065,0.173913043,2.229540776,6,Marine,I
Konagkut,27,5,8,6,10,8,398.100981,0.049689441,2.472676901,6,Marine,I
Konagkut,28,5,54,42,94,63.33333333,3985.050467,0.393374741,24.75186625,6,Marine,I
Konagkut,29,5,48,31,79,52.66666667,3741.416868,0.327122153,23.23861409,6,Marine,I
Konagkut,30,6,58,58,59,58.33333333,368.251234,0.362318841,2.287274745,6,Marine,I
Konagkut,31,6,23,10,16,16.33333333,522.123447,0.101449275,3.243002776,6,Marine,I
Konagkut,32,6,18,20,13,17,836.63105,0.105590062,5.196466149,6,Marine,I
Konagkut,33,6,10,31,46,29,698.35155,0.180124224,4.337587267,6,Marine,I
Konagkut,34,7,18,11,11,13.33333333,607.261117,0.082815735,3.77180818,6,Marine,I
Konagkut,35,7,17,12,7,12,151.839701,0.074534161,0.943103733,6,Marine,I
Konagkut,36,4,28,57,47,44,2352.183597,0.273291925,14.60983601,6,Marine,I
Konagkut,37,4,13,27,100,46.66666667,3297.29282,0.289855072,20.48007963,6,Marine,I
Konagkut,38,3,54,36,23,37.66666667,17622.29752,0.233954451,109.4552641,6,Marine,I
Konagkut,39,4,43,38,29,36.66666667,2265.190937,0.227743271,14.06950893,6,Marine,I
Konagkut,40,4,37,33,34,34.66666667,4314.060221,0.215320911,26.7954051,6,Marine,I
Konagkut,41,3,108,67,54,76.33333333,18333.2487,0.474120083,113.8711099,6,Marine,I
Konagkut,42,4,60,52,65,59,1785.293351,0.366459627,11.08877858,6,Marine,I
Konagkut,43,4,116,105,102,107.6666667,3469.537998,0.66873706,21.54992545,6,Marine,I
Konagkut,44,4,37,44,58,46.33333333,2924.221707,0.287784679,18.16286775,6,Marine,I
Konagkut,45,4,26,62,109,65.66666667,4400.977908,0.407867495,27.33526651,6,Marine,I
Konagkut,46,5,16,16,39,23.66666667,2136.425652,0.14699793,13.26972455,6,Marine,I
Konagkut,47,5,39,55,33,42.33333333,1901.351173,0.262939959,11.80963461,6,Marine,I
Konagkut,48,5,16,22,16,18,498.688996,0.111801242,3.09744718,6,Marine,I
Konagkut,49,5,92,81,82,85,909.074395,0.527950311,5.646424814,6,Marine,I
Kosi,1,1,2420,1448,1275,1714.333333,27227,1,15.8819755,3,Wetlands,VI
Kosi,2,2,2846,2859,2140,2615,16137,1.525374295,9.412988528,3,Wetlands,VI
Kosi,3,2,439,427,555,473.6666667,4814,0.276297881,2.808088664,3,Wetlands,VI
Kosi,4,3,922,986,871,926.3333333,40767,0.540346101,23.78008944,3,Wetlands,VI
Kosi,5,3,1186,1239,1263,1229.333333,93730,0.717091192,54.6743146,3,Wetlands,VI
Kosi,6,2,2413,2036,1405,1951.333333,210406,1.13824616,122.7334241,3,Wetlands,VI
Kur,1,1,131,167,184,160.6666667,78221.45658,1,486.8555388,6,Contributory,IV
Kur,2,2,39,61,40,46.66666667,58685.31681,0.290456432,365.2613079,6,Contributory,IV
Kur,3,2,107,141,109,119,65027.59019,0.7406639,404.7360385,6,Contributory,IV
Kur,4,3,97,69,87,84.33333333,15830.33938,0.524896266,98.52908327,6,Contributory,IV
Kur,5,3,38,65,54,52.33333333,14149.58821,0.325726141,88.06797639,6,Contributory,IV
Kur,6,2,36,28,39,34.33333333,79599.51381,0.213692946,495.4326585,6,Contributory,IV
Kur,7,2,78,43,87,69.33333333,14970.17517,0.43153527,93.17536415,6,Contributory,IV
Kur,8,2,16,34,18,22.66666667,23857.10119,0.141078838,148.4881816,6,Contributory,IV
Manas He,1,1,146,126,280,184,12041.60847,1,65.44352428,3,Axial,IV
Manas He,2,2,41,53,26,40,39429.06517,0.217391304,214.2883976,3,Axial,IV
Manas He,3,2,149,97,143,129.6666667,39877.76785,0.704710145,216.7269992,3,Axial,IV
Manas He,4,2,75,79,53,69,10166.73603,0.375,55.25400016,3,Axial,IV
Manas He,5,3,52,44,54,50,12482.26077,0.27173913,67.83837374,3,Axial,IV
Manas He,6,3,13,10,16,13,9177.879023,0.070652174,49.8797773,3,Axial,IV
Mashket,1,1,198,180,160,179.3333333,61135.7368,1,340.9055955,4,Playa,IV
Mashket,2,2,37,50,31,39.33333333,38776.68432,0.219330855,216.2268642,4,Playa,IV
Mashket,3,2,51,47,22,40,13845.76894,0.223048327,77.20689,4,Playa,IV
Mashket,4,3,33,13,14,20,29589.73689,0.111524164,164.9985328,4,Playa,IV
Mashket,5,4,18,19,15,17.33333333,25044.01849,0.096654275,139.6506607,4,Playa,IV
Mashket,6,4,31,11,16,19.33333333,42870.21536,0.107806691,239.0532455,4,Playa,IV
Mashket,7,4,7,5,6,6,18166.07431,0.033457249,101.2978121,4,Playa,IV
Mashket,8,4,9,5,6,6.666666667,7713.34937,0.037174721,43.01124184,4,Playa,IV
Mashket,9,3,61,105,27,64.33333333,7082.596013,0.358736059,39.49402981,4,Playa,IV
Mashket,10,5,66,45,27,46,990.869601,0.256505576,5.525295173,4,Playa,IV
Mashket,11,5,19,15,13,15.66666667,4288.595946,0.087360595,23.91410379,4,Playa,IV
Mashket,12,6,33,11,24,22.66666667,527.851012,0.126394052,2.94340713,4,Playa,IV
Mashket,13,6,8,10,22,13.33333333,982.863941,0.074349442,5.480653946,4,Playa,IV
Mashket,14,7,12,9,6,9,741.36251,0.050185874,4.133991691,4,Playa,IV
Mashket,15,7,7,5,8,6.666666667,1219.089277,0.037174721,6.797895597,4,Playa,IV
Mashket,16,3,4,3,2,3,30.54842,0.016728625,0.170344349,4,Playa,IV
Mashket,17,3,4,3,3,3.333333333,68.654176,0.018587361,0.382829978,4,Playa,IV
Mashket,18,3,4,2,2,2.666666667,125.042611,0.014869888,0.69726363,4,Playa,IV
Mashket,19,3,7,6,5,6,54.867932,0.033457249,0.305955011,4,Playa,IV
Mashket,20,2,41,70,27,46,16935.1647,0.256505576,94.43400391,4,Playa,IV
Mashket,21,5,6,7,3,5.333333333,5478.251468,0.029739777,30.54787064,4,Playa,IV
Mashket,22,5,69,147,241,152.3333333,4787.884202,0.849442379,26.69823904,4,Playa,IV
Mashket,23,4,14,11,13,12.66666667,2412.294171,0.07063197,13.45145449,4,Playa,IV
Mashket,24,5,10,18,8,12,3625.512355,0.066914498,20.21661164,4,Playa,IV
Mashket,25,5,10,8,7,8.333333333,1089.743178,0.046468401,6.076634822,4,Playa,IV
Mashket,26,6,34,25,19,26,9090.597999,0.144981413,50.69106691,4,Playa,IV
Mashket,27,7,9,14,8,10.33333333,1189.711712,0.057620818,6.634080178,4,Playa,IV
Mashket,28,7,35,30,51,38.66666667,1001.461339,0.215613383,5.584356909,4,Playa,IV
Mashket,29,8,7,12,13,10.66666667,1665.637772,0.059479554,9.287942967,4,Playa,IV
Mashket,30,8,5,6,6,5.666666667,1165.675378,0.031598513,6.500048576,4,Playa,IV
Mashket,31,8,8,14,21,14.33333333,968.796587,0.079925651,5.402211452,4,Playa,IV
Mashket,32,8,12,30,19,20.33333333,1451.877546,0.1133829,8.095971446,4,Playa,IV
Mashket,33,5,8,10,25,14.33333333,3063.849471,0.079925651,17.08466248,4,Playa,IV
Mashket,34,5,12,24,9,15,2468.629487,0.083643123,13.76559193,4,Playa,IV
Mashket,35,6,38,68,62,56,2472.569848,0.312267658,13.78756421,4,Playa,IV
Mashket,36,6,147,123,123,131,920.118989,0.730483271,5.130775032,4,Playa,IV
Mashket,37,6,9,12,11,10.66666667,373.291776,0.059479554,2.081552654,4,Playa,IV
Mashket,38,6,13,23,72,36,1532.502829,0.200743494,8.545554809,4,Playa,IV
Mimbres,1,1,20,16,18,18,19587,1,1088.166667,4,Playa,IV
Mimbres,2,2,10,10,9,9.666666667,34523,0.537037037,1917.944444,4,Playa,IV
Mimbres,3,2,4,3,4,3.666666667,230,0.203703704,12.77777778,4,Playa,IV
Mimbres,4,3,4,4,3,3.666666667,4778,0.203703704,265.4444444,4,Playa,IV
Mimbres,5,3,3,5,6,4.666666667,595,0.259259259,33.05555556,4,Playa,IV
Mimbres,6,4,6,5,5,5.333333333,157,0.296296296,8.722222222,4,Playa,IV
Mimbres,7,4,3,5,2,3.333333333,1199,0.185185185,66.61111111,4,Playa,IV
Mimbres,8,4,4,6,5,5,990,0.277777778,55,4,Playa,IV
Mimbres,9,4,4,3,3,3.333333333,859,0.185185185,47.72222222,4,Playa,IV
Mimbres,10,4,4,3,4,3.666666667,949,0.203703704,52.72222222,4,Playa,IV
Mimbres,11,4,4,3,5,4,2962,0.222222222,164.5555556,4,Playa,IV
Mimbres,12,4,8,4,4,5.333333333,1217,0.296296296,67.61111111,4,Playa,IV
Mimbres,13,5,3,2,2,2.333333333,1326,0.12962963,73.66666667,4,Playa,IV
Mimbres,14,5,7,4,4,5,1301,0.277777778,72.27777778,4,Playa,IV
Mimbres,15,5,3,4,3,3.333333333,722,0.185185185,40.11111111,4,Playa,IV
Mimbres,16,5,6,2,3,3.666666667,1180,0.203703704,65.55555556,4,Playa,IV
Mimbres,17,5,4,3,4,3.666666667,378,0.203703704,21,4,Playa,IV
Mimbres,18,5,4,4,2,3.333333333,1456,0.185185185,80.88888889,4,Playa,IV
Mimbres,19,5,3,4,3,3.333333333,258,0.185185185,14.33333333,4,Playa,IV
Mimbres,20,3,4,3,3,3.333333333,258,0.185185185,14.33333333,4,Playa,IV
Mimbres,21,3,8,5,6,6.333333333,258,0.351851852,14.33333333,4,Playa,IV
Mimbres,22,4,4,3,6,4.333333333,258,0.240740741,14.33333333,4,Playa,IV
Mimbres,23,4,4,4,3,3.666666667,258,0.203703704,14.33333333,4,Playa,IV
Mimbres,24,4,6,4,6,5.333333333,258,0.296296296,14.33333333,4,Playa,IV
Mimbres,25,4,4,5,3,4,258,0.222222222,14.33333333,4,Playa,IV
Mimbres,26,5,3,5,5,4.333333333,258,0.240740741,14.33333333,4,Playa,IV
Mimbres,27,5,7,6,9,7.333333333,258,0.407407407,14.33333333,4,Playa,IV
Mimbres,28,6,4,5,6,5,258,0.277777778,14.33333333,4,Playa,IV
Mimbres,29,6,5,6,5,5.333333333,258,0.296296296,14.33333333,4,Playa,IV
Mimbres,30,7,3,3,4,3.333333333,258,0.185185185,14.33333333,4,Playa,IV
Mimbres,31,7,6,7,6,6.333333333,258,0.351851852,14.33333333,4,Playa,IV
Mitchell,1,1,75,124,200,133,71224.58807,1,535.5232186,3,Contributory,I
Mitchell,2,2,149,81,189,139.6666667,52442.25363,1.050125313,394.3026588,3,Contributory,I
Mitchell,3,2,62,37,61,53.33333333,28244.78363,0.401002506,212.3667942,3,Contributory,I
Mitchell,4,3,87,71,182,113.3333333,48332.75132,0.852130326,363.4041452,3,Contributory,I
Mitchell,5,3,62,42,48,50.66666667,28090.77609,0.380952381,211.2088428,3,Contributory,I
Mitchell,6,3,22,28,24,24.66666667,965.427236,0.185463659,7.258851398,3,Contributory,I
Mitchell,7,3,31,15,16,20.66666667,21679.13936,0.155388471,163.0010478,3,Contributory,I
Mitchell,8,4,28,154,117,99.66666667,13674.54116,0.749373434,102.8160989,3,Contributory,I
Mitchell,9,4,225,363,326,304.6666667,12845.55555,2.290726817,96.58312441,3,Contributory,I
Mitchell,10,3,25,29,22,25.33333333,8451.545745,0.19047619,63.54545673,3,Contributory,I
Mitchell,11,4,49,64,30,47.66666667,7040.545756,0.35839599,52.93643426,3,Contributory,I
Mitchell,12,5,44,66,40,50,37133.76483,0.37593985,279.2012393,3,Contributory,I
Mitchell,13,5,56,65,46,55.66666667,24618.86824,0.418546366,185.1042725,3,Contributory,I
Mitchell,14,4,26,29,117,57.33333333,20941.07275,0.431077694,157.4516748,3,Contributory,I
Mitchell,15,4,72,121,131,108,26475.71698,0.812030075,199.0655412,3,Contributory,I
Mitchell,16,6,6,7,9,7.333333333,2446.585646,0.055137845,18.3953808,3,Contributory,I
Mitchell,17,6,11,27,13,17,5019.763761,0.127819549,37.74258467,3,Contributory,I
Nahr Wādī,1,1,35,32,56,41,18924.38451,1,461.5703539,4,Axial,IV
Nahr Wādī,2,2,8,8,10,8.666666667,23429.60381,0.211382114,571.4537514,4,Axial,IV
Nahr Wādī,3,2,6,8,4,6,4725.85966,0.146341463,115.2648698,4,Axial,IV
Nahr Wādī,4,2,5,5,5,5,41235.32861,0.12195122,1005.739722,4,Axial,IV
Nahr Wādī,5,2,17,17,32,22,76774.33797,0.536585366,1872.544829,4,Axial,IV
Nahr Wādī,6,3,3,3,3,3,29605.31998,0.073170732,722.080975,4,Axial,IV
Nahr Wādī,7,3,3,10,3,5.333333333,27210.07842,0.130081301,663.6604493,4,Axial,IV
Nahr Wādī,8,2,10,6,6,7.333333333,15483.06734,0.178861789,377.6357887,4,Axial,IV
Nahr Wādī,9,3,5,4,6,5,401.482841,0.12195122,9.792264415,4,Axial,IV
Nahr Wādī,10,3,4,3,10,5.666666667,835.440287,0.138211382,20.37659237,4,Axial,IV
Nahr Wādī,11,4,4,5,5,4.666666667,650.941022,0.113821138,15.87661029,4,Axial,IV
Nahr Wādī,12,4,8,5,4,5.666666667,1503.112102,0.138211382,36.66127078,4,Axial,IV
Niger,1,1,328,308,503,379.6666667,143356.7843,1,377.5859113,4,Dunes/Desert,IV
Niger,2,2,168,121,117,135.3333333,111933.2828,0.356453029,294.8198846,4,Dunes/Desert,IV
Niger,3,2,19,44,40,34.33333333,83034.30631,0.090430202,218.7031773,4,Dunes/Desert,IV
Niger,4,3,30,19,20,23,22802.78528,0.060579456,60.06001391,4,Dunes/Desert,IV
Niger,5,3,25,21,22,22.66666667,56001.62094,0.059701493,147.5020745,4,Dunes/Desert,IV
Niger,6,2,285,242,343,290,130653.367,0.763827919,344.1265153,4,Dunes/Desert,IV
Niger,7,3,25,92,92,69.66666667,121179.2403,0.183494293,319.1727136,4,Dunes/Desert,IV
Niger,8,3,130,99,107,112,44837.57504,0.29499561,118.0972126,4,Dunes/Desert,IV
Niger,9,3,32,45,76,51,38674.80748,0.134328358,101.8651646,4,Dunes/Desert,IV
Niger,10,3,243,375,323,313.6666667,60070.79805,0.826163301,158.2198368,4,Dunes/Desert,IV
Niger,11,3,74,36,68,59.33333333,86208.99763,0.156277436,227.064963,4,Dunes/Desert,IV
Niger,12,3,31,26,34,30.33333333,48371.63238,0.079894644,127.4055287,4,Dunes/Desert,IV
Niger,13,4,20,22,6,16,8755.289503,0.04214223,23.06046401,4,Dunes/Desert,IV
Niger,14,4,88,40,32,53.33333333,33506.50226,0.1404741,88.25242034,4,Dunes/Desert,IV
Niger,15,3,22,26,17,21.66666667,80231.96662,0.057067603,211.3221246,4,Dunes/Desert,IV
Niger,16,3,26,32,45,34.33333333,69167.33511,0.090430202,182.1791092,4,Dunes/Desert,IV
Niger,17,3,20,15,18,17.66666667,54720.54957,0.046532046,144.1278742,4,Dunes/Desert,IV
Niger,22,4,118,213,133,154.6666667,31489.30992,0.40737489,82.93935886,4,Dunes/Desert,IV
Niger,23,4,332,124,98,184.6666667,30535.64153,0.486391572,80.42750183,4,Dunes/Desert,IV
Niger,24,4,21,61,48,43.33333333,26183.93838,0.114135206,68.96559715,4,Dunes/Desert,IV
Niger,25,4,85,67,78,76.66666667,30021.18368,0.201931519,79.07247678,4,Dunes/Desert,IV
Niger,26,4,23,28,25,25.33333333,11625.42538,0.066725198,30.62008441,4,Dunes/Desert,IV
Niger,27,4,143,107,142,130.6666667,12559.18927,0.344161545,33.07951519,4,Dunes/Desert,IV
Niger,28,5,133,85,49,89,17279.15655,0.234416155,45.51138686,4,Dunes/Desert,IV
Niger,29,5,101,50,39,63.33333333,5564.468183,0.166812994,14.65619363,4,Dunes/Desert,IV
Niger,30,5,47,43,20,36.66666667,3298.319549,0.096575944,8.687408821,4,Dunes/Desert,IV
Niger,31,5,20,15,31,22,2869.632549,0.057945566,7.558294686,4,Dunes/Desert,IV
Niger,32,5,69,71,129,89.66666667,4956.115681,0.236172081,13.05386044,4,Dunes/Desert,IV
Niger,33,5,74,61,29,54.66666667,9995.776868,0.143985953,26.3277705,4,Dunes/Desert,IV
Niger,34,5,56,46,37,46.33333333,12240.51263,0.122036874,32.24015619,4,Dunes/Desert,IV
Niger,35,5,20,26,53,33,13002.70846,0.086918349,34.24769567,4,Dunes/Desert,IV
Niger,36,6,59,30,25,38,581.620875,0.100087796,1.531925044,4,Dunes/Desert,IV
Niger,37,6,18,19,11,16,205.99495,0.04214223,0.54256791,4,Dunes/Desert,IV
Niger,38,6,9,9,6,8,82.835503,0.021071115,0.218179551,4,Dunes/Desert,IV
Niger,39,6,43,48,41,44,214.029045,0.115891133,0.563728828,4,Dunes/Desert,IV
Niger,40,6,24,34,56,38,261.854442,0.100087796,0.689695633,4,Dunes/Desert,IV
Niger,41,7,12,48,53,37.66666667,532.863545,0.099209833,1.40350363,4,Dunes/Desert,IV
Niger,42,7,23,16,11,16.66666667,515.02896,0.043898156,1.356529306,4,Dunes/Desert,IV
Niger,43,7,12,14,7,11,382.351993,0.028972783,1.007072853,4,Dunes/Desert,IV
Niger,44,7,13,6,5,8,466.818426,0.021071115,1.229548093,4,Dunes/Desert,IV
Niger,45,8,8,7,5,6.666666667,174.795947,0.017559263,0.460393188,4,Dunes/Desert,IV
Niger,46,8,6,9,3,6,53.121416,0.015803336,0.139915933,4,Dunes/Desert,IV
Niger,47,8,4,4,5,4.333333333,49.333799,0.011413521,0.129939769,4,Dunes/Desert,IV
Niger,48,8,3,3,2,2.666666667,38.43213,0.007023705,0.101225979,4,Dunes/Desert,IV
Niger,49,6,17,17,12,15.33333333,953.471101,0.040386304,2.511337404,4,Dunes/Desert,IV
Niger,50,6,9,10,11,10,1146.16174,0.026338894,3.018863231,4,Dunes/Desert,IV
Niger,51,7,17,24,2,14.33333333,1010.532291,0.037752414,2.661630266,4,Dunes/Desert,IV
Niger,52,7,13,25,25,21,1212.039673,0.055311677,3.192378419,4,Dunes/Desert,IV
Niger,53,7,8,11,12,10.33333333,1043.126834,0.027216857,2.747480687,4,Dunes/Desert,IV
Niger,54,7,12,5,3,6.666666667,473.805662,0.017559263,1.2479517,4,Dunes/Desert,IV
Niger,55,6,36,27,36,33,1113.277473,0.086918349,2.932249709,4,Dunes/Desert,IV
Niger,56,6,57,14,27,32.66666667,922.123345,0.086040386,2.428770882,4,Dunes/Desert,IV
Niger,57,7,13,13,16,14,192.330916,0.036874451,0.506578356,4,Dunes/Desert,IV
Niger,58,7,7,5,11,7.666666667,1040.715607,0.020193152,2.741129781,4,Dunes/Desert,IV
Niger,59,7,10,9,5,8,890.308213,0.021071115,2.344973344,4,Dunes/Desert,IV
Niger,60,7,9,10,8,9,400.437082,0.023705004,1.054706976,4,Dunes/Desert,IV
Niger,61,7,16,23,34,24.33333333,981.10195,0.064091308,2.584114004,4,Dunes/Desert,IV
Niger,62,7,17,17,17,17,1139.32305,0.044776119,3.000850878,4,Dunes/Desert,IV
Niger,63,5,29,29,31,29.66666667,6673.935237,0.078138718,17.57840712,4,Dunes/Desert,IV
Niger,64,5,24,13,18,18.33333333,12758.17678,0.048287972,33.60362629,4,Dunes/Desert,IV
Niger,65,3,54,19,92,55,36242.57565,0.144863916,95.45893498,4,Dunes/Desert,IV
Niger,66,4,4,20,12,12,8584.289556,0.031606673,22.61006907,4,Dunes/Desert,IV
Niger,67,4,92,101,96,96.33333333,6604.847813,0.253731343,17.39643849,4,Dunes/Desert,IV
Nomhon He,1,1,354,224,108,228.6666667,6592.623047,1,28.83071303,4,Contributory,I
Nomhon He,3,3,6,7,7,6.666666667,2841.39044,0.029154519,12.42590571,4,Contributory,I
Nomhon He,4,4,7,7,8,7.333333333,2675.884154,0.032069971,11.70211729,4,Contributory,I
Nomhon He,5,4,9,8,7,8,27266.68984,0.034985423,119.2420839,4,Contributory,I
Nomhon He,6,3,19,81,93,64.33333333,20762.73901,0.281341108,90.79915019,4,Contributory,I
Nomhon He,8,5,10,10,16,12,9753.429566,0.052478134,42.65348207,4,Contributory,I
Nomhon He,9,5,16,12,12,13.33333333,2121.648341,0.058309038,9.278345515,4,Contributory,I
Nomhon He,10,4,8,6,6,6.666666667,11360.83191,0.029154519,49.68293837,4,Contributory,I
Nomhon He,11,4,6,10,12,9.333333333,10235.32835,0.040816327,44.76091114,4,Contributory,I
Nomhon He,12,4,9,8,9,8.666666667,1056.272534,0.037900875,4.619267641,4,Contributory,I
Nomhon He,13,6,16,10,5,10.33333333,2563.601225,0.045189504,11.21108407,4,Contributory,I
Nomhon He,14,6,14,5,5,8,2708.470267,0.034985423,11.84462216,4,Contributory,I
Nomhon He,15,7,6,5,5,5.333333333,247.890645,0.023323615,1.084069876,4,Contributory,I
Nomhon He,16,7,11,15,9,11.66666667,158.293848,0.051020408,0.692247149,4,Contributory,I
Nomhon He,17,8,5,5,3,4.333333333,594.432763,0.018950437,2.599560188,4,Contributory,I
Nomhon He,18,8,3,6,8,5.666666667,317.787134,0.024781341,1.389739653,4,Contributory,I
Nomhon He,19,8,8,7,10,8.333333333,314.366743,0.036443149,1.374781675,4,Contributory,I
Nomhon He,20,8,5,3,4,4,339.262844,0.017492711,1.483656752,4,Contributory,I
Nomhon He,21,9,11,8,5,8,244.503671,0.034985423,1.069258036,4,Contributory,I
Nomhon He,22,9,11,5,5,7,243.866529,0.030612245,1.066471701,4,Contributory,I
Nomhon He,23,7,3,4,6,4.333333333,3051.807695,0.018950437,13.34609779,4,Contributory,I
Nomhon He,24,7,4,6,9,6.333333333,456.384857,0.027696793,1.995852144,4,Contributory,I
Nomhon He,25,8,11,3,4,6,737.794696,0.026239067,3.226507417,4,Contributory,I
Nomhon He,26,8,6,4,3,4.333333333,388.741561,0.018950437,1.700035981,4,Contributory,I
Nomhon He,27,9,2,3,2,2.333333333,133.285487,0.010204082,0.582881138,4,Contributory,I
Nomhon He,28,9,2,4,5,3.666666667,241.566594,0.016034985,1.056413676,4,Contributory,I
Nomhon He,29,8,3,2,2,2.333333333,433.748461,0.010204082,1.896859159,4,Contributory,I
Nomhon He,30,8,3,3,13,6.333333333,489.948369,0.027696793,2.142631351,4,Contributory,I
Nomhon He,31,9,7,9,2,6,1083.410474,0.026239067,4.737946679,4,Contributory,I
Nomhon He,32,9,8,3,2,4.333333333,747.792582,0.018950437,3.27022995,4,Contributory,I
Nomhon He,33,10,3,7,2,4,1048.408107,0.017492711,4.584875103,4,Contributory,I
Nomhon He,34,10,2,7,6,5,496.466113,0.021865889,2.171134605,4,Contributory,I
Nomhon He,35,5,12,3,3,6,801.338347,0.026239067,3.504395103,4,Contributory,I
Nomhon He,36,6,6,6,6,6,568.891422,0.026239067,2.487863362,4,Contributory,I
Nomhon He,37,5,10,9,16,11.66666667,739.62804,0.051020408,3.234524956,4,Contributory,I
Nomhon He,38,5,7,11,17,11.66666667,389.675842,0.051020408,1.704121758,4,Contributory,I
Nomhon He,39,2,232,285,187,234.6666667,14861.5117,1.026239067,64.99203366,4,Contributory,I
Nomhon He,40,6,42,43,41,42,767.558788,0.183673469,3.356671085,4,Contributory,I
Nomhon He,41,7,15,16,16,15.66666667,170.125926,0.06851312,0.74399093,4,Contributory,I
Nomhon He,42,7,15,16,26,19,945.118618,0.083090379,4.133171799,4,Contributory,I
Nomhon He,43,8,7,4,5,5.333333333,150.752077,0.023323615,0.659265643,4,Contributory,I
Nomhon He,44,8,9,4,3,5.333333333,132.904067,0.023323615,0.581213121,4,Contributory,I
Nomhon He,45,9,3,4,3,3.333333333,106.414637,0.014577259,0.465370133,4,Contributory,I
Nomhon He,46,9,7,8,10,8.333333333,956.147119,0.036443149,4.181401395,4,Contributory,I
Nomhon He,47,10,2,3,2,2.333333333,291.774592,0.010204082,1.275982181,4,Contributory,I
Nomhon He,48,10,2,4,3,3,90.862393,0.013119534,0.397357404,4,Contributory,I
Nomhon He,49,9,3,2,1,2,460.765684,0.008746356,2.01501028,4,Contributory,I
Nomhon He,50,9,3,4,6,4.333333333,997.146884,0.018950437,4.360700659,4,Contributory,I
Nomhon He,51,10,6,14,1,7,482.191689,0.030612245,2.10871001,4,Contributory,I
Nomhon He,52,10,5,7,6,6,530.173248,0.026239067,2.318541901,4,Contributory,I
Nomhon He,53,3,20,8,11,13,9610.836704,0.056851312,42.02989812,4,Contributory,I
Nomhon He,54,2,23,9,15,15.66666667,11924.88436,0.06851312,52.14964005,4,Contributory,I
Nomhon He,55,3,6,7,7,6.666666667,1716.343642,0.029154519,7.505875985,4,Contributory,I
Nomhon He,56,2,20,12,15,15.66666667,3180.369132,0.06851312,13.90831982,4,Contributory,I
Nomhon He,57,6,9,4,12,8.333333333,1212.957594,0.036443149,5.304479274,4,Contributory,I
Nomhon He,58,5,3,3,7,4.333333333,2396.262735,0.018950437,10.4792831,4,Contributory,I
Nomhon He,59,5,6,9,3,6,353.432578,0.026239067,1.545623519,4,Contributory,I
Nomhon He,60,6,6,6,7,6.333333333,2620.430567,0.027696793,11.45960889,4,Contributory,I
Nomhon He,61,6,9,6,5,6.666666667,189.853401,0.029154519,0.830262687,4,Contributory,I
Nomhon He,62,6,9,7,10,8.666666667,201.927606,0.037900875,0.883065332,4,Contributory,I
Oued el Mehaiguene,1,1,37,19,23,26.33333333,30863.8503,1,1172.044948,4,Contributory,II
Oued el Mehaiguene,2,2,14,21,8,14.33333333,11380.96554,0.544303797,432.1885649,4,Contributory,II
Oued el Mehaiguene,3,2,24,18,14,18.66666667,51944.81235,0.708860759,1972.587811,4,Contributory,II
Oued el Mehaiguene,4,3,31,32,96,53,17131.29575,2.012658228,650.555535,4,Contributory,II
Oued el Mehaiguene,5,3,27,17,22,22,13232.84311,0.835443038,502.5130295,4,Contributory,II
Okavango,1,1,253,191,61,168.3333333,140.1111111,1,0.832343234,4,Dunes/Desert,V
Okavango,2,3,48,17,12,25.66666667,18.22222222,0.152475248,0.108250825,4,Dunes/Desert,V
Okavango,3,4,35,16,15,22,17.66666667,0.130693069,0.104950495,4,Dunes/Desert,V
Okavango,4,2,17,26,14,19,19.66666667,0.112871287,0.116831683,4,Dunes/Desert,V
Okavango,5,2,21,20,18,19.66666667,19.22222222,0.116831683,0.114191419,4,Dunes/Desert,V
Okavango,6,5,28,21,8,19,16,0.112871287,0.095049505,4,Dunes/Desert,V
Okavango,7,5,9,12,18,13,14.33333333,0.077227723,0.085148515,4,Dunes/Desert,V
Okavango,8,4,16,11,6,11,9.333333333,0.065346535,0.055445545,4,Dunes/Desert,V
Okavango,9,5,3,4,5,4,4.333333333,0.023762376,0.025742574,4,Dunes/Desert,V
Okavango,10,5,5,56,17,26,33,0.154455446,0.196039604,4,Dunes/Desert,V
Okavango,11,5,12,14,32,19.33333333,21.77777778,0.114851485,0.129372937,4,Dunes/Desert,V
Okavango,12,4,11,22,37,23.33333333,27.44444444,0.138613861,0.163036304,4,Dunes/Desert,V
Okavango,13,2,40,69,57,55.33333333,60.44444444,0.328712871,0.359075908,4,Dunes/Desert,V
Okavango,14,3,35,16,15,22,17.66666667,0.130693069,0.104950495,4,Dunes/Desert,V
Okavango,15,5,35,16,15,22,17.66666667,0.130693069,0.104950495,4,Dunes/Desert,V
Okavango,16,5,101,104,41,82,75.66666667,0.487128713,0.44950495,4,Dunes/Desert,V
Okavango,17,4,91,102,69,87.33333333,86.11111111,0.518811881,0.511551155,4,Dunes/Desert,V
Okhota,1,2,80,272,211,188,23061,0.090909091,11.15135397,6,Marine,III
Okhota,2,1,2910,2952,341,2068,188388,1,91.0967118,6,Marine,III
Okhota,3,2,477,55,184,239,102465,0.1155706,49.54787234,6,Marine,III
Okhota,4,2,51,60,231,114,88847,0.055125725,42.96276596,6,Marine,III
Okhota,5,2,19,54,38,37,27603,0.017891683,13.34767892,6,Marine,III
Okhota,6,2,29,35,32,32,46894,0.015473888,22.67601547,6,Marine,III
Okhota,7,2,21,32,24,26,11029,0.012572534,5.333172147,6,Marine,III
Paraguay,1,1,191,185,170,182,68281.55187,1,375.1733619,3,Wetlands,III
Paraguay,2,2,52,62,65,59.66666667,42297.16835,0.327838828,232.4020239,3,Wetlands,III
Paraguay,3,2,75,50,60,61.66666667,39838.29413,0.338827839,218.891726,3,Wetlands,III
Paraguay,4,2,64,38,39,47,8485.752697,0.258241758,46.62501482,3,Wetlands,III
Paraguay,5,3,13,37,24,24.66666667,18283.46937,0.135531136,100.4586229,3,Wetlands,III
Paraguay,6,3,14,25,21,20,9986.567343,0.10989011,54.87124914,3,Wetlands,III
Paraguay,7,3,83,73,72,76,11817.20023,0.417582418,64.92967159,3,Wetlands,III
Paraguay,8,3,24,18,14,18.66666667,5388.14276,0.102564103,29.60518,3,Wetlands,III
Paraguay,9,4,19,22,23,21.33333333,20200.0835,0.117216117,110.9894698,3,Wetlands,III
Paraguay,10,3,51,45,51,49,7326.753858,0.269230769,40.25688933,3,Wetlands,III
Paraguay,11,3,51,32,16,33,12693.68472,0.181318681,69.74552042,3,Wetlands,III
Paraguay,12,3,34,20,23,25.66666667,12183.45601,0.141025641,66.94206596,3,Wetlands,III
Paraguay,13,4,37,38,43,39.33333333,1546.432566,0.216117216,8.496882231,3,Wetlands,III
Paraguay,14,4,25,17,14,18.66666667,1773.234159,0.102564103,9.74304483,3,Wetlands,III
Paraguay,15,5,11,17,7,11.66666667,3003.554218,0.064102564,16.50304515,3,Wetlands,III
Paraguay,16,5,40,23,24,29,2231.751626,0.159340659,12.26237157,3,Wetlands,III
Paraguay,17,5,15,25,18,19.33333333,811.044572,0.106227106,4.456288857,3,Wetlands,III
Paraguay,18,5,13,11,17,13.66666667,185.918388,0.075091575,1.021529604,3,Wetlands,III
Pastaza,1,1,327,349,182,286,38111,1,133.2552448,1,Axial,II
Pastaza,2,2,207,160,196,187.6666667,14865,0.656177156,51.97552448,1,Axial,II
Pastaza,3,2,60,28,21,36.33333333,15623,0.127039627,54.62587413,1,Axial,II
Pastaza,4,3,223,109,149,160.3333333,36255,0.560606061,126.7657343,1,Axial,II
Pastaza,5,3,61,86,73,73.33333333,5270,0.256410256,18.42657343,1,Axial,II
Pastaza,6,3,17,14,17,16,1711,0.055944056,5.982517483,1,Axial,II
Pastaza,7,3,16,13,26,18.33333333,5609,0.064102564,19.61188811,1,Axial,II
Pastaza,8,4,60,65,113,79.33333333,19870,0.277389277,69.47552448,1,Axial,II
Pastaza,9,4,81,75,100,85.33333333,24804,0.298368298,86.72727273,1,Axial,II
Pilcomayo,1,1,275,133,63,157,92805,1,591.1146497,3,Axial,II
Pilcomayo,2,2,158,74,47,93,150500,0.592356688,958.5987261,3,Axial,II
Pilcomayo,3,2,21,27,25,24.33333333,51065,0.154989384,325.2547771,3,Axial,II
Pilcomayo,4,2,19,17,33,23,79224,0.146496815,504.611465,3,Axial,II
Pilcomayo,5,2,25,26,17,22.66666667,40026,0.144373673,254.9426752,3,Axial,II
Pilcomayo,6,3,93,84,42,73,60506,0.464968153,385.388535,3,Axial,II
Pilcomayo,7,3,17,22,12,17,66585,0.108280255,424.1082803,3,Axial,II
Pilcomayo,8,4,16,19,20,18.33333333,12904,0.116772824,82.1910828,3,Axial,II
Pilcomayo,9,4,12,6,7,8.333333333,35807,0.053078556,228.0700637,3,Axial,II
Pilcomayo,10,4,31,25,30,28.66666667,87730,0.182590234,558.7898089,3,Axial,II
Pilcomayo,11,4,9,10,6,8.333333333,66535,0.053078556,423.7898089,3,Axial,II
Pilcomayo,12,4,5,4,6,5,49969,0.031847134,318.2738854,3,Axial,II
Pilcomayo,13,5,16,12,6,11.33333333,10274,0.072186837,65.43949045,3,Axial,II
Pilcomayo,14,5,13,25,13,17,8433,0.108280255,53.7133758,3,Axial,II
Púnguè,1,4,5,14,10,9.666666667,3027.582603,0.073232323,22.93623184,3,Contributory,I
Púnguè,2,5,14,14,10,12.66666667,1943.56089,0.095959596,14.72394614,3,Contributory,I
Púnguè,3,6,19,22,20,20.33333333,2639.065472,0.154040404,19.99292024,3,Contributory,I
Púnguè,4,6,16,17,17,16.66666667,3340.907351,0.126262626,25.30990417,3,Contributory,I
Púnguè,5,1,149,132,115,132,35901.33639,1,271.9798211,3,Contributory,I
Púnguè,6,2,19,11,16,15.33333333,10195.01862,0.116161616,77.23498955,3,Contributory,I
Púnguè,7,2,85,72,81,79.33333333,1849.161793,0.601010101,14.00880146,3,Contributory,I
Púnguè,8,2,127,79,76,94,9735.247781,0.712121212,73.75187713,3,Contributory,I
Púnguè,9,3,28,40,44,37.33333333,6001.389966,0.282828283,45.4650755,3,Contributory,I
Púnguè,10,3,27,24,40,30.33333333,7290.775647,0.22979798,55.23314884,3,Contributory,I
Púnguè,11,4,54,28,49,43.66666667,3046.906143,0.330808081,23.0826223,3,Contributory,I
Púnguè,12,5,26,27,32,28.33333333,3374.928156,0.214646465,25.56763755,3,Contributory,I
Púnguè,13,4,14,21,7,14,779.704636,0.106060606,5.906853303,3,Contributory,I
Púnguè,14,4,32,19,39,30,2108.825608,0.227272727,15.97595158,3,Contributory,I
Púnguè,15,5,4,8,7,6.333333333,438.736486,0.047979798,3.323761258,3,Contributory,I
Púnguè,16,5,4,7,5,5.333333333,383.296559,0.04040404,2.903761811,3,Contributory,I
Púnguè,17,5,30,60,19,36.33333333,2100.232353,0.275252525,15.91085116,3,Contributory,I
Púnguè,18,5,26,22,38,28.66666667,2343.24884,0.217171717,17.75188515,3,Contributory,I
Rud-i-Shur Tabas,1,1,22,14,16,17.33333333,23936,1,1380.923077,4,Playa,I
Rud-i-Shur Tabas,2,2,3,8,7,6,5030,0.346153846,290.1923077,4,Playa,I
Rud-i-Shur Tabas,3,2,5,5,3,4.333333333,3327,0.25,191.9423077,4,Playa,I
Rud-i-Shur Tabas,4,3,11,11,16,12.66666667,2157,0.730769231,124.4423077,4,Playa,I
Rud-i-Shur Tabas,5,3,7,15,11,11,3887,0.634615385,224.25,4,Playa,I
Rud-i-Shur Tabas,6,3,8,6,12,8.666666667,4151,0.5,239.4807692,4,Playa,I
Rud-i-Shur Tabas,7,3,5,5,11,7,5729,0.403846154,330.5192308,4,Playa,I
Saskatchewan,1,1,452,662,781,631.6666667,45146,1,71.47124011,6,Axial,III
Saskatchewan,2,2,72,65,131,89.33333333,147328,0.141424802,233.2369393,6,Axial,III
Saskatchewan,3,2,602,234,290,375.3333333,85213,0.594195251,134.901847,6,Axial,III
Saskatchewan,4,3,131,140,197,156,15526,0.246965699,24.57941953,6,Axial,III
Saskatchewan,5,3,122,205,198,175,33791,0.277044855,53.49498681,6,Axial,III
Saskatchewan,6,4,147,209,207,187.6666667,4012,0.297097625,6.351451187,6,Axial,III
Saskatchewan,7,4,48,57,133,79.33333333,15540,0.125593668,24.60158311,6,Axial,III
Schule He,1,1,54,49,22,41.66666667,17556,1,421.344,4,Playa,I
Schule He,2,2,17,13,28,19.33333333,64912,0.464,1557.888,4,Playa,I
Schule He,3,2,5,5,5,5,54197,0.12,1300.728,4,Playa,I
Schule He,4,2,19,12,13,14.66666667,47723,0.352,1145.352,4,Playa,I
Schule He,5,2,23,12,9,14.66666667,57338,0.352,1376.112,4,Playa,I
Schule He,6,2,26,18,13,19,51693,0.456,1240.632,4,Playa,I
Schule He,7,2,17,14,13,14.66666667,28864,0.352,692.736,4,Playa,I
Schule He,8,2,13,17,8,12.66666667,48360,0.304,1160.64,4,Playa,I
Schule He,9,3,8,6,10,8,25512,0.192,612.288,4,Playa,I
Schule He,10,3,9,15,7,10.33333333,21779,0.248,522.696,4,Playa,I
Shire,1,1,127,93,168,129.3333333,12665.49803,1,97.92910849,4,Wetlands,V
Shire,2,2,30,12,23,21.66666667,11814.5183,0.167525773,91.34936829,4,Wetlands,V
Shire,3,2,86,79,70,78.33333333,12020.64206,0.605670103,92.94310872,4,Wetlands,V
Shire,4,3,11,10,11,10.66666667,22176.96273,0.082474227,171.4713613,4,Wetlands,V
Shire,5,3,60,69,49,59.33333333,15767.84101,0.458762887,121.9162965,4,Wetlands,V
Shire,6,3,7,4,6,5.666666667,8484.139944,0.043814433,65.59902019,4,Wetlands,V
Shire,7,3,11,9,11,10.33333333,13351.25369,0.079896907,103.231343,4,Wetlands,V
Shire,8,4,57,49,45,50.33333333,8390.318257,0.389175258,64.87359477,4,Wetlands,V
Shire,9,5,9,12,37,19.33333333,22848.34038,0.149484536,176.6624256,4,Wetlands,V
Shire,10,5,12,22,12,15.33333333,20262.97442,0.118556701,156.6724826,4,Wetlands,V
Shire,11,5,21,37,22,26.66666667,11334.64599,0.206185567,87.63901542,4,Wetlands,V
Shire,12,5,8,47,58,37.66666667,20793.8574,0.291237113,160.777248,4,Wetlands,V
Shire,13,5,43,31,55,43,1984.965654,0.332474227,15.34767258,4,Wetlands,V
Shire,14,5,17,19,22,19.33333333,83.003377,0.149484536,0.641778688,4,Wetlands,V
Shire,15,6,10,12,13,11.66666667,316.988198,0.090206186,2.450939675,4,Wetlands,V
Shire,16,7,8,12,7,9,106.911805,0.069587629,0.826637668,4,Wetlands,V
Shire,17,7,7,12,12,10.33333333,52.492017,0.079896907,0.405866111,4,Wetlands,V
Shire,18,8,6,10,8,8,213.658848,0.06185567,1.652001402,4,Wetlands,V
Shire,19,8,6,8,7,7,206.243789,0.054123711,1.594668472,4,Wetlands,V
Shire,20,8,13,6,16,11.66666667,158.7344,0.090206186,1.227327835,4,Wetlands,V
Shire,21,8,6,5,3,4.666666667,127.518279,0.036082474,0.985966075,4,Wetlands,V
Shire,22,9,2,2,2,2,91.327591,0.015463918,0.706141168,4,Wetlands,V
Shire,23,9,9,7,7,7.666666667,246.318808,0.059278351,1.904526866,4,Wetlands,V
Tärtär,1,1,25,21,37,27.66666667,10457,1,377.9638554,4,Axial,IV
Tärtär,2,2,5,6,10,7,5682,0.253012048,205.373494,4,Axial,IV
Tärtär,3,2,11,6,8,8.333333333,1880,0.301204819,67.95180723,4,Axial,IV
Tärtär,4,2,11,6,6,7.666666667,3052,0.277108434,110.313253,4,Axial,IV
Tärtär,5,3,7,5,3,5,3403,0.180722892,123,4,Axial,IV
Tärtär,6,3,17,17,16,16.66666667,4456,0.602409639,161.060241,4,Axial,IV
Taquari,1,1,227,176,150,184.3333333,128049,1,694.6600362,3,Axial,III
Taquari,2,2,180,156,181,172.3333333,43743,0.934900542,237.3037975,3,Axial,III
Taquari,3,2,25,33,15,24.33333333,59028,0.132007233,320.2242315,3,Axial,III
Taquari,4,2,13,23,14,16.66666667,83046,0.090415913,450.5207957,3,Axial,III
Taquari,5,3,33,58,51,47.33333333,72194,0.256781193,391.6491863,3,Axial,III
Taquari,6,3,8,11,19,12.66666667,138955,0.068716094,753.8245931,3,Axial,III
Taquari,7,3,12,13,27,17.33333333,117122,0.09403255,635.3815552,3,Axial,III
Taquari,8,4,63,46,32,47,111917,0.254972875,607.1446655,3,Axial,III
Taquari,9,4,15,36,16,22.33333333,90260,0.121157324,489.6564195,3,Axial,III
Taquari,10,4,15,27,7,16.33333333,29458,0.088607595,159.8083183,3,Axial,III
Taquari,11,4,7,12,7,8.666666667,25027,0.047016275,135.7703436,3,Axial,III
Taquari,12,5,16,10,14,13.33333333,19098,0.072332731,103.6057866,3,Axial,III
Taquari,13,5,16,15,13,14.66666667,18665,0.079566004,101.2567812,3,Axial,III
Taquari,14,5,4,11,12,9,20384,0.048824593,110.5822785,3,Axial,III
